First Name,Last Name,Retirement Season,Age,Role,W,L,ERA,GP,GS,IP,CG,SHO,SV,K,BB,H,ER,HR,HBP,FIP,TP,BF,RA,WP,BAA,WHIP,WPCT,OBPA,K/BB,K/9,BB/9,H/9,HR/9,PPI,PPG,RA,Def,Corr,RA9def,RAA,RAAlev,WAA,WAR
Cownt,Magnifico,19,43,SP,134,117,3.08,361,359,1928.2,47,24,0,1932,451,1632,661,189,58,3.16,28870,7782,702,13,.210,1.08,.53,.275,4.3,9.0,2.1,7.6,0.9,15.0,80.0,702,2.8,0.0,3.29,282.1,282.1,28.6,64.4
Graysen,Church,19,40,SP,123,93,3.47,386,384,1811.0,34,18,0,1941,578,1666,698,214,39,3.51,28754,7509,741,9,.222,1.24,.57,.304,3.4,9.6,2.9,8.3,1.1,15.9,74.5,741,-20.1,0.1,3.58,207.6,207.6,21.1,54.8
Bryant,Wiley,,38,SP,92,147,4.70,381,377,1773.2,26,8,0,1364,673,1844,926,225,78,4.48,28426,7753,974,22,.238,1.42,.38,.335,2.0,6.9,3.4,9.4,1.1,16.0,74.6,1025,-4.0,0.0,5.18,-62.3,-62.3,-6.3,28.2
Braxton,Plough,19,41,SP,108,115,3.23,356,355,1800.0,31,17,0,1867,518,1573,646,171,58,3.22,27965,7477,703,24,.210,1.16,.48,.287,3.6,9.3,2.6,7.9,0.9,15.5,78.6,703,1.8,0.1,3.52,213.6,213.6,21.7,55.1
Mabel,Byrd,,40,SP,91,135,4.25,378,377,1752.0,23,9,0,1497,553,1764,827,208,68,4.00,27751,7524,881,13,.234,1.32,.40,.317,2.7,7.7,2.8,9.1,1.1,15.8,73.4,923,-0.8,0.0,4.74,30.7,30.7,3.1,37.5
Thrash,Allmeyer,,39,SP,92,131,4.09,362,361,1768.2,27,12,0,1453,534,1778,803,219,61,4.08,27434,7512,840,13,.237,1.31,.41,.316,2.7,7.4,2.7,9.0,1.1,15.5,75.8,891,-3.5,0.0,4.52,78.1,78.1,7.9,42.4
Journee,Beard,,39,SP,111,120,3.68,348,348,1749.2,26,10,0,1654,474,1627,715,187,47,3.49,26895,7257,756,11,.224,1.20,.48,.296,3.5,8.5,2.4,8.4,1.0,15.4,77.3,799,-4.5,0.0,4.09,167.4,167.4,17.1,51.6
Warden,Hernandez,19,36,SP,140,89,2.88,340,339,1799.2,37,20,0,1913,442,1481,575,167,43,2.99,26870,7246,614,10,.204,1.07,.61,.271,4.3,9.6,2.2,7.4,0.8,14.9,79.0,614,-5.3,0.1,3.04,306.5,306.5,31.3,64.8
Adonis,Howe,18,38,SP,87,126,4.69,360,360,1682.0,24,12,0,1328,595,1782,876,222,69,4.42,26781,7349,929,10,.242,1.41,.41,.333,2.2,7.1,3.2,9.5,1.2,15.9,74.4,929,1.8,0.0,4.98,-85.1,-85.1,-8.7,22.6
Density,Angeles,,38,SP,89,143,4.76,362,361,1687.0,25,12,0,1218,609,1739,892,228,68,4.62,26537,7309,931,15,.238,1.39,.38,.331,2.0,6.5,3.2,9.3,1.2,15.7,73.3,995,0.3,0.0,5.31,-87.6,-87.6,-8.8,24.2
Thiago,Boyd,,36,SP,123,99,3.43,339,339,1722.1,37,16,0,1607,553,1525,657,191,60,3.74,26497,7202,700,18,.212,1.21,.55,.297,2.9,8.4,2.9,8.0,1.0,15.4,78.2,735,4.9,0.0,3.87,152.8,152.8,15.5,48.5
Francis,King,,39,SP,72,149,5.20,378,378,1593.2,18,8,0,1193,674,1701,920,226,94,4.89,26407,7102,971,17,.240,1.49,.33,.348,1.8,6.7,3.8,9.6,1.3,16.6,69.9,1014,0.5,0.0,5.73,-167.4,-167.4,-17.0,14.1
Julio,Wheeler,,36,SP,105,111,4.22,336,336,1637.2,26,11,0,1335,560,1596,768,176,63,4.01,25821,7005,809,18,.228,1.32,.49,.317,2.4,7.3,3.1,8.8,1.0,15.8,76.8,860,6.7,0.0,4.76,14.2,14.2,1.4,33.6
Carmelo,Bulgar,18,40,SP,95,115,4.13,342,342,1641.1,31,12,0,1305,552,1615,753,229,55,4.43,25610,7008,806,11,.230,1.32,.45,.317,2.4,7.2,3.0,8.9,1.3,15.6,74.9,806,5.0,0.0,4.45,9.4,9.4,0.9,31.4
Clamp,Clements,18,43,SP,82,139,4.58,343,340,1625.1,21,10,0,1322,507,1753,828,200,51,4.10,25589,7078,897,14,.248,1.39,.37,.327,2.6,7.3,2.8,9.7,1.1,15.7,74.6,897,-0.9,0.0,4.96,-69.0,-69.0,-7.0,23.1
Austin,Loins,17,42,SP,91,136,4.45,334,334,1611.1,22,11,0,1314,522,1639,797,203,45,4.16,25447,6943,838,14,.236,1.34,.40,.318,2.5,7.3,2.9,9.2,1.1,15.8,76.2,838,5.7,0.0,4.71,-30.0,-30.0,-3.0,26.9
Kayson,Guevara,19,40,SP,69,150,4.99,369,367,1562.0,19,6,0,1038,655,1706,866,212,67,4.92,25435,6945,905,12,.246,1.51,.32,.350,1.6,6.0,3.8,9.8,1.2,16.3,68.9,905,0.2,0.1,5.22,-128.1,-128.1,-13.0,16.0
Lucian,Buttes,,36,SP,98,105,3.60,322,321,1616.0,28,12,0,1577,503,1447,647,168,57,3.54,25104,6744,684,15,.215,1.21,.48,.298,3.1,8.8,2.8,8.1,0.9,15.5,78.0,737,-2.7,0.0,4.09,142.8,142.8,14.6,46.4
Lucifer,Curly,17,40,SP,80,141,4.77,339,339,1572.1,23,5,0,1147,461,1713,833,226,65,4.51,24751,6853,897,11,.250,1.38,.36,.327,2.5,6.6,2.6,9.8,1.3,15.7,73.0,897,-3.1,0.0,5.12,-93.5,-93.5,-9.4,19.9
Holden,Harrison,,36,SP,64,133,5.19,336,335,1484.0,17,6,0,1029,670,1613,855,191,71,4.88,24430,6677,897,20,.242,1.54,.32,.353,1.5,6.2,4.1,9.8,1.2,16.5,72.7,952,-2.8,0.0,5.76,-153.4,-153.4,-15.7,13.3
Besto,Love,17,42,SP,91,106,3.52,317,317,1573.0,33,21,0,1514,473,1424,615,165,71,3.58,24391,6575,676,12,.217,1.21,.46,.299,3.2,8.7,2.7,8.1,0.9,15.5,76.9,676,9.2,0.0,3.92,140.7,140.7,14.3,43.5
Jordan,Vegas,17,43,SP,81,131,4.73,329,328,1482.1,16,4,0,1132,659,1521,779,194,72,4.75,24345,6579,842,17,.231,1.47,.38,.342,1.7,6.9,4.0,9.2,1.2,16.4,74.0,842,1.6,0.0,5.12,-81.3,-81.3,-8.2,19.3
Declan,Franks,17,41,SP,81,124,4.56,321,319,1479.1,14,10,0,1167,565,1511,750,189,67,4.46,24159,6468,810,20,.234,1.40,.40,.331,2.1,7.1,3.4,9.2,1.1,16.3,75.3,810,3.0,0.0,4.95,-58.3,-58.3,-5.8,21.6
Evangeline,Greenman,16,38,SP,77,94,4.05,314,314,1490.0,18,7,0,1293,536,1468,670,177,70,4.13,23914,6465,729,21,.227,1.34,.45,.321,2.4,7.8,3.2,8.9,1.1,16.0,76.2,729,3.1,0.0,4.42,24.5,24.5,2.5,30.2
Leonel,Oldham,,34,SP,92,91,3.39,305,304,1538.2,28,14,0,1474,535,1329,579,152,56,3.62,23767,6414,632,12,.207,1.21,.50,.299,2.8,8.6,3.1,7.8,0.9,15.4,77.9,675,0.5,0.1,3.95,150.5,150.5,15.3,45.9
Ronin,Carpenter,,39,SP,61,114,4.97,320,317,1399.2,14,7,0,1121,626,1493,773,170,81,4.59,23159,6273,837,17,.238,1.51,.35,.351,1.8,7.2,4.0,9.6,1.1,16.5,72.4,897,0.0,0.0,5.77,-143.7,-143.7,-14.7,12.8
Anika,Hinton,16,41,SP,80,122,4.79,314,312,1444.1,13,2,0,1019,504,1579,768,202,56,4.67,23109,6365,815,17,.248,1.44,.40,.336,2.0,6.3,3.1,9.8,1.3,16.0,73.6,815,3.8,0.0,5.10,-67.3,-67.3,-6.7,20.0
Collin,Bugby,16,42,SP,81,111,4.50,305,302,1438.2,27,10,0,1142,597,1374,720,181,55,4.51,23103,6229,755,20,.221,1.37,.42,.325,1.9,7.1,3.7,8.6,1.1,16.1,75.7,755,1.1,0.0,4.73,-13.3,-13.3,-1.4,25.3
Dawn,Anger,,35,SP,82,124,4.58,306,306,1465.1,22,9,0,1154,405,1590,745,178,48,4.03,22877,6318,788,14,.252,1.36,.40,.323,2.8,7.1,2.5,9.8,1.1,15.6,74.8,834,-7.0,0.0,5.08,-25.7,-25.7,-2.6,26.4
Jaden,McKee,16,42,SP,69,107,4.70,311,311,1408.1,19,9,0,1039,539,1484,735,176,61,4.53,22805,6218,800,15,.239,1.44,.39,.335,1.9,6.6,3.4,9.5,1.1,16.2,73.3,800,-8.1,0.0,5.06,-67.2,-67.2,-6.8,19.3
Kian,Newman,16,40,SP,70,116,4.83,318,315,1401.0,21,9,0,1070,493,1494,752,194,75,4.59,22667,6158,782,15,.243,1.42,.38,.335,2.2,6.9,3.2,9.6,1.2,16.2,71.3,782,4.2,0.0,5.05,-51.6,-51.6,-5.1,20.8
Ares,Andres,16,39,SP,58,127,4.91,306,306,1407.1,17,4,0,1035,536,1464,768,203,65,4.79,22637,6183,814,19,.237,1.42,.31,.334,1.9,6.6,3.4,9.4,1.3,16.1,74.0,814,2.2,0.0,5.22,-100.7,-100.7,-10.2,15.9
Jacqueline,Barajas,15,39,SP,83,101,4.04,297,295,1435.2,20,8,0,1326,422,1389,644,165,55,3.74,22497,6066,669,15,.229,1.26,.45,.308,3.1,8.3,2.6,8.7,1.0,15.7,75.7,669,-1.8,0.0,4.18,77.1,77.1,7.8,34.4
Paxton,Escobar,15,41,SP,83,96,3.40,291,286,1437.1,18,8,2,1474,414,1292,543,145,40,3.31,22325,5950,573,5,.217,1.19,.46,.293,3.6,9.2,2.6,8.1,0.9,15.5,76.7,573,-7.6,0.0,3.54,175.0,176.0,17.7,44.4
Wheet,Hanson,15,40,SP,71,104,4.62,292,291,1373.1,17,7,0,1224,498,1451,705,177,51,4.19,22270,6056,756,17,.240,1.42,.41,.330,2.5,8.0,3.3,9.5,1.2,16.2,76.3,756,-5.7,0.0,4.92,-44.6,-44.6,-4.5,21.0
Noe,Henry,15,39,SP,68,119,4.54,287,286,1362.0,17,6,1,1115,535,1359,687,188,70,4.59,21923,5955,727,11,.228,1.39,.36,.330,2.1,7.4,3.5,9.0,1.2,16.1,76.4,727,7.8,-0.1,4.86,-23.8,-23.8,-2.4,22.9
Yordan,Sierra,,33,SP,86,102,4.03,279,279,1380.2,23,12,0,1086,529,1315,618,157,62,4.29,21857,5930,657,13,.222,1.34,.46,.321,2.1,7.1,3.4,8.6,1.0,15.8,78.3,701,3.1,0.1,4.59,69.9,69.9,7.1,34.6
Pyper,Govender,,36,SP,87,102,3.76,286,285,1428.0,21,7,0,1090,400,1394,597,165,40,4.00,21828,6001,639,10,.232,1.26,.46,.306,2.7,6.9,2.5,8.8,1.0,15.3,76.3,678,4.5,0.1,4.30,91.4,91.4,9.3,37.6
Satoshi,Hanahara,,33,SP,87,88,3.48,286,284,1440.0,23,10,0,1342,321,1375,556,166,32,3.47,21752,5945,600,7,.231,1.18,.50,.291,4.2,8.4,2.0,8.6,1.0,15.1,76.1,637,-7.1,0.1,3.94,161.2,161.2,16.4,45.1
Jaxen,Bell,19,35,SP,74,95,3.55,302,302,1375.2,14,7,0,1271,461,1257,542,142,64,3.74,21699,5811,591,9,.216,1.25,.44,.307,2.8,8.3,3.0,8.2,0.9,15.8,71.9,591,3.0,0.1,3.89,110.9,110.9,11.2,36.9
Alessandra,Berenice,16,40,SP,68,108,4.17,317,317,1392.2,11,8,0,1178,444,1380,646,185,59,4.22,21683,5966,692,8,.231,1.31,.39,.316,2.7,7.6,2.9,8.9,1.2,15.6,68.4,692,-0.8,0.0,4.47,32.0,32.0,3.3,29.1
Went,Maneah,16,42,SP,74,110,4.70,299,296,1340.1,13,4,0,1037,560,1368,700,185,59,4.73,21549,5900,758,17,.232,1.44,.40,.337,1.9,7.0,3.8,9.2,1.2,16.1,72.1,758,4.0,0.0,5.12,-60.9,-60.9,-6.0,18.8
Noah,Ford,18,40,SP,72,120,4.42,285,285,1359.2,19,10,0,1173,404,1450,668,185,36,4.11,21508,5860,704,10,.247,1.36,.38,.323,2.9,7.8,2.7,9.6,1.2,15.8,75.5,704,-3.9,0.0,4.63,-0.7,-0.7,0.0,25.2
Crash,Reeves,15,40,SP,61,101,4.67,292,287,1300.1,13,4,0,965,546,1325,675,168,71,4.72,21285,5720,741,17,.232,1.44,.38,.340,1.8,6.7,3.8,9.2,1.2,16.4,72.9,741,2.7,0.0,5.15,-79.2,-79.2,-8.1,16.0
Trigger,Sanford,16,38,SP,70,95,3.56,294,292,1379.0,13,8,0,1322,346,1328,545,155,48,3.50,21157,5755,583,6,.231,1.21,.42,.299,3.8,8.6,2.3,8.7,1.0,15.3,72.0,583,-3.5,-0.1,3.78,118.1,118.1,12.0,37.5
Chard,Rilow,14,40,SP,84,89,3.88,273,273,1341.1,21,12,0,1175,449,1281,579,145,47,3.86,21017,5694,620,14,.225,1.29,.49,.312,2.6,7.9,3.0,8.6,1.0,15.7,77.0,620,2.0,0.0,4.17,70.7,70.7,7.3,32.1
Kori,Greenman,,33,SP,74,89,3.33,265,265,1369.0,23,8,0,1424,344,1173,506,161,33,3.37,21012,5561,534,9,.211,1.11,.45,.279,4.1,9.4,2.3,7.7,1.1,15.3,79.3,587,2.7,0.1,3.88,162.8,162.8,16.5,43.9
Valerie,McKinney,15,43,SP,77,110,4.48,281,279,1325.0,15,5,0,973,410,1417,660,173,40,4.35,20840,5722,699,14,.248,1.38,.41,.326,2.4,6.6,2.8,9.6,1.2,15.7,74.2,699,0.3,0.0,4.75,-28.5,-28.5,-2.8,21.7
Tabitha,Abaxi,14,36,SP,64,99,4.77,273,270,1268.2,22,9,0,973,544,1323,673,150,54,4.52,20621,5619,711,22,.235,1.47,.39,.342,1.8,6.9,3.9,9.4,1.1,16.3,75.5,711,2.6,0.0,5.06,-63.6,-63.6,-6.4,17.1
Juan,Toolsy,15,40,SP,63,117,5.37,294,292,1248.0,13,4,0,895,500,1395,745,173,62,4.82,S168,5606,789,16,.249,1.52,.35,.349,1.8,6.5,3.6,10.1,1.2,16.3,69.3,789,-3.6,0.0,5.66,-151.9,-151.9,-15.3,7.8
Simone,Castillo,14,39,SP,68,103,4.27,268,267,1277.2,18,8,0,1055,486,1267,606,166,43,4.38,S152,5530,649,13,.229,1.37,.40,.325,2.2,7.4,3.4,8.9,1.2,15.9,76.0,649,-2.9,0.0,4.55,13.0,13.0,1.3,24.9
William,Warren,,33,SP,65,110,4.55,276,274,1259.0,18,6,0,960,506,1295,636,156,54,4.52,S53,5513,680,13,.235,1.43,.37,.336,1.9,6.9,3.6,9.3,1.1,16.1,73.4,742,3.4,0.1,5.33,-69.8,-69.8,-7.1,18.1
Everly,Valdez,15,41,SP,63,104,5.17,287,287,1211.1,14,3,0,880,596,1313,696,164,51,5.01,S45,5483,744,14,.239,1.58,.38,.357,1.5,6.5,4.4,9.8,1.2,16.7,70.6,744,-3.1,0.0,5.50,-123.3,-123.3,-12.5,9.9
Tandy,McDaniel,15,40,SP,68,91,4.34,266,266,1261.0,13,6,0,1033,425,1284,608,167,37,4.28,20099,5435,658,10,.236,1.36,.43,.321,2.4,7.4,3.0,9.2,1.2,15.9,75.6,658,1.5,0.0,4.71,-18.1,-18.1,-1.9,21.4
Mara,Barnes,13,37,SP,76,100,4.15,260,260,1283.0,20,9,0,1140,392,1292,591,142,48,3.79,20066,5482,628,15,.236,1.31,.43,.316,2.9,8.0,2.7,9.1,1.0,15.6,77.2,628,-3.0,0.0,4.38,35.5,35.5,3.6,27.3
Abraham,Landry,,35,SP,52,111,5.08,280,280,1223.1,19,8,0,961,513,1286,690,168,60,4.72,19906,5399,718,15,.238,1.47,.32,.344,1.9,7.1,3.8,9.5,1.2,16.3,71.1,761,-1.4,0.1,5.59,-97.6,-97.6,-9.9,14.3
Caiden,Carey,,41,SP/RP,95,66,3.47,668,135,1280.1,0,0,15,1193,396,1126,494,137,45,3.66,19749,5327,531,9,.211,1.19,.59,.294,3.0,8.4,2.8,7.9,1.0,15.4,29.6,560,1.4,0.0,3.95,95.3,95.7,9.7,33.7
Kris,Trevino,,35,SP,59,106,4.89,264,262,1200.2,10,2,0,972,534,1201,653,170,60,4.81,19673,5298,689,17,.227,1.45,.36,.339,1.8,7.3,4.0,9.0,1.3,16.4,74.5,736,5.0,0.1,5.55,-91.2,-91.2,-9.2,14.9
Chip,Krasmynski,,33,SP,75,85,3.65,270,270,1270.2,21,12,0,1183,372,1136,516,144,47,3.70,19636,5314,572,3,.214,1.19,.47,.293,3.2,8.4,2.6,8.0,1.0,15.5,72.7,616,-2.1,0.1,4.35,88.5,88.5,9.0,34.2
Dee,Bartlett,18,37,SP,70,101,4.27,253,251,1251.0,18,12,1,1157,352,1233,593,167,37,3.92,19433,5300,622,10,.233,1.27,.41,.306,3.3,8.3,2.5,8.9,1.2,15.5,76.8,622,-3.1,0.1,4.45,15.1,15.6,1.6,24.9
Reina,Mashington,14,43,SP,57,107,4.59,265,264,1213.2,23,7,0,985,442,1258,619,126,50,4.04,19403,5283,647,7,.238,1.40,.35,.331,2.2,7.3,3.3,9.3,0.9,16.0,73.2,647,1.5,0.0,4.81,-37.7,-37.7,-3.9,18.5
Andrea,Bishop,,38,SP,72,90,3.89,250,249,1281.1,18,8,0,1172,326,1222,554,157,34,3.71,19312,5320,577,9,.230,1.21,.44,.297,3.6,8.2,2.3,8.6,1.1,15.1,77.2,623,1.7,0.0,4.39,82.6,82.6,8.3,34.3
Braydon,Easy,14,38,SP,62,93,4.69,262,262,1179.0,24,8,0,898,501,1197,614,165,61,4.83,19056,5195,651,14,.230,1.44,.40,.339,1.8,6.9,3.8,9.1,1.3,16.2,72.7,651,3.0,0.0,4.99,-43.0,-43.0,-4.3,17.5
Fabian,McMenamin,15,39,SP,55,92,4.03,291,289,1184.1,10,4,0,960,423,1153,530,144,37,4.22,18705,5090,564,7,.227,1.33,.37,.317,2.3,7.3,3.2,8.8,1.1,15.8,64.3,564,4.8,0.0,4.32,15.6,15.6,1.6,23.5
Zariah,North,14,42,SP,66,83,4.95,260,259,1164.1,14,7,0,834,439,1227,640,161,49,4.72,18619,5098,676,16,.241,1.43,.44,.336,1.9,6.4,3.4,9.5,1.2,16.0,71.6,676,2.7,0.0,5.25,-62.5,-62.5,-6.5,15.1
Miguel,Nava,,33,SP,60,107,5.35,273,272,1118.1,16,10,0,752,519,1246,665,133,62,4.86,18404,5057,706,12,.246,1.58,.36,.361,1.4,6.1,4.2,10.0,1.1,16.5,67.4,763,-3.2,0.1,6.11,-147.1,-147.1,-15.1,7.4
Jagger,Potts,19,40,SP/RP,84,85,4.69,659,88,1125.1,0,0,18,840,445,1175,587,154,51,4.71,18102,4951,621,15,.237,1.44,.50,.338,1.9,6.7,3.6,9.4,1.2,16.1,27.5,621,0.6,0.1,4.97,-85.3,-85.0,-8.6,11.4
Schnitzel,Doyle,12,33,SP,69,72,3.66,240,240,1152.0,14,7,0,894,376,1123,469,125,46,4.06,18058,4901,503,12,.229,1.30,.49,.315,2.4,7.0,2.9,8.8,1.0,15.7,75.2,503,4.5,0.0,3.96,72.7,72.7,7.5,28.8
Antonio,O'Connell,12,41,SP,55,93,4.69,241,241,1143.2,11,4,0,864,369,1210,596,148,38,4.34,18028,4968,636,7,.244,1.38,.37,.325,2.3,6.8,2.9,9.5,1.2,15.8,74.8,636,2.8,0.0,5.03,-47.8,-47.8,-4.9,16.2
Kelly,Overlord,12,37,SP,70,80,4.29,232,231,1113.0,16,7,0,926,442,1055,531,129,50,4.27,17660,4783,553,19,.221,1.35,.47,.323,2.1,7.5,3.6,8.5,1.0,15.9,76.1,553,-0.7,0.0,4.47,24.2,24.2,2.5,23.0
Cohen,Mackie,16,38,SP,50,89,4.13,310,310,1125.2,10,6,0,888,344,1133,517,129,30,4.01,17612,4816,558,8,.235,1.31,.36,.313,2.6,7.1,2.8,9.1,1.0,15.6,56.8,558,2.2,0.0,4.48,10.2,10.2,1.0,21.8
Fox,Deleon,12,35,SP,52,76,4.23,230,230,1071.2,4,0,0,944,459,1035,504,112,55,4.14,17574,4685,537,8,.221,1.39,.41,.331,2.1,7.9,3.9,8.7,0.9,16.4,76.4,537,4.4,0.0,4.55,15.1,15.1,1.6,21.3
Tanner,Carr,12,41,SP,47,104,5.37,235,235,1065.2,10,5,0,688,388,1223,636,158,31,4.92,17254,4750,675,7,.257,1.51,.31,.346,1.8,5.8,3.3,10.3,1.3,16.2,73.4,675,-1.7,0.0,5.69,-130.1,-130.1,-13.2,6.5
Rhett,Sasso,12,41,SP,49,91,4.82,233,232,1054.2,17,2,0,769,412,1129,565,142,46,4.69,17132,4693,599,12,.241,1.46,.35,.338,1.9,6.6,3.5,9.6,1.2,16.2,73.5,599,-3.2,0.0,5.08,-50.9,-50.9,-5.1,14.3
Erick,Cooker,17,42,SP/RP,57,72,4.35,461,205,1083.1,0,0,6,830,382,1128,524,138,34,4.38,17079,4692,573,10,.240,1.39,.44,.329,2.2,6.9,3.2,9.4,1.1,15.8,37.0,573,0.7,0.0,4.77,-48.8,-49.1,-5.0,14.3
Dubai,Morrow,,30,SP,65,66,3.35,221,220,1127.2,16,10,0,1059,302,1002,420,113,27,3.40,17013,4644,457,8,.216,1.16,.50,.287,3.5,8.5,2.4,8.0,0.9,15.1,77.0,506,5.2,0.1,4.08,129.7,129.7,13.2,36.3
Ayden,Benson,,34,SP,52,91,4.24,220,220,1058.0,14,3,0,923,367,1014,498,137,49,4.22,16752,4566,550,8,.222,1.31,.36,.313,2.5,7.9,3.1,8.6,1.2,15.8,76.1,594,-0.3,0.1,5.05,-12.2,-12.2,-1.3,20.4
Samuel,Maclary,12,39,SP,58,87,4.50,228,227,1059.2,12,5,0,795,377,1038,530,135,39,4.43,16739,4556,566,8,.228,1.34,.40,.319,2.1,6.8,3.2,8.8,1.1,15.8,73.4,566,1.6,0.0,4.82,-29.5,-29.5,-3.0,16.5
Mulberry,Campos,19,40,SP,54,85,4.12,221,221,1046.2,19,7,0,898,359,1082,479,125,31,4.05,16662,4548,523,13,.238,1.38,.39,.324,2.5,7.7,3.1,9.3,1.1,15.9,75.4,523,1.6,0.1,4.51,11.7,11.7,1.3,20.9
Malick,Diallo,18,39,SP,50,85,4.46,224,224,1019.0,14,3,0,847,405,1047,505,135,38,4.46,16659,4459,554,7,.235,1.42,.37,.334,2.1,7.5,3.6,9.2,1.2,16.3,74.4,554,-0.9,0.1,4.88,-35.7,-35.7,-3.7,15.4
Ximena,Conner,17,44,SP/RP,85,66,4.21,585,94,1072.1,0,0,24,833,335,1075,502,144,46,4.36,16518,4575,531,13,.235,1.31,.56,.318,2.5,7.0,2.8,9.0,1.2,15.4,28.2,531,1.2,0.0,4.47,-24.8,-25.2,-2.5,16.6
Nathaniel,Botham,16,43,SP/RP,75,75,4.30,464,161,1044.0,0,0,25,883,344,1038,499,130,41,4.13,16429,4476,520,15,.232,1.32,.50,.318,2.6,7.6,3.0,8.9,1.1,15.7,35.4,520,-1.1,0.0,4.47,-17.5,-16.7,-1.7,16.9
Henry,Yurt,11,38,SP,65,73,4.08,221,220,1053.0,16,11,0,877,352,1046,477,121,37,4.04,16369,4527,523,13,.231,1.33,.47,.317,2.5,7.5,3.0,8.9,1.0,15.5,74.1,523,0.0,0.0,4.47,19.4,19.4,1.9,21.3
Wissle,Becker,,33,SP,58,80,4.02,212,212,1025.1,12,3,0,820,370,1001,458,107,45,4.07,16300,4427,492,9,.226,1.34,.42,.320,2.2,7.2,3.2,8.8,0.9,15.9,76.9,537,-0.7,0.1,4.71,29.0,29.0,2.9,24.0
Ivor,Plows,12,42,SP,57,78,3.95,215,215,1026.0,14,8,0,855,330,993,450,114,38,3.95,16197,4369,478,7,.227,1.29,.42,.312,2.6,7.5,2.9,8.7,1.0,15.8,75.3,478,-0.2,0.0,4.19,41.8,41.8,4.2,23.1
Lando,Dean,16,38,SP/RP,54,56,3.67,443,161,1050.0,0,0,13,977,306,963,428,127,44,3.81,16137,4402,468,9,.219,1.21,.49,.298,3.2,8.4,2.6,8.3,1.1,15.4,36.4,468,-1.5,0.0,4.00,31.7,33.0,3.3,22.0
Kira,Chan,,36,SP,74,58,3.73,214,214,1048.1,21,10,0,1066,278,1030,435,118,23,3.39,16072,4382,453,9,.235,1.25,.56,.304,3.8,9.2,2.4,8.8,1.0,15.3,75.1,491,-6.2,0.1,4.16,97.2,97.6,9.9,31.3
Jon,Nuptuals,11,36,SP,54,76,4.53,209,209,995.2,16,8,0,766,334,1029,501,119,47,4.26,15979,4331,528,12,.238,1.37,.42,.326,2.3,6.9,3.0,9.3,1.1,16.0,76.5,528,0.5,0.0,4.78,-22.5,-22.5,-2.2,16.0
Gustav,March,,31,SP,64,79,3.24,203,203,1038.0,17,8,0,997,258,932,374,113,24,3.41,15895,4263,403,5,.219,1.15,.45,.285,3.9,8.6,2.2,8.1,1.0,15.3,78.3,449,3.1,0.1,3.92,118.5,118.5,12.1,33.1
Dainty,Strong,11,37,SP,56,72,4.46,220,220,986.0,14,6,0,723,402,1021,489,135,47,4.78,15837,4316,507,12,.237,1.44,.44,.341,1.8,6.6,3.7,9.3,1.2,16.1,72.0,507,1.3,0.0,4.64,-11.6,-11.6,-1.2,16.9
Maci,Watson,12,41,SP,53,83,4.04,234,233,977.2,14,6,0,783,373,973,439,109,41,4.22,15731,4249,479,8,.229,1.38,.39,.326,2.1,7.2,3.4,9.0,1.0,16.1,67.2,479,-0.2,0.0,4.41,23.2,23.2,2.3,20.3
Dakota,Parra,,35,SP,57,64,3.76,201,201,1007.2,13,5,0,935,297,962,421,114,39,3.72,15674,4262,472,10,.226,1.25,.47,.305,3.1,8.4,2.7,8.6,1.0,15.6,78.0,526,0.4,0.1,4.70,44.2,44.2,4.5,25.1
Anders,Richardson,18,41,RP,117,59,3.92,767,0,971.0,0,0,46,836,300,996,423,108,31,3.85,15485,4198,461,9,.237,1.33,.66,.316,2.8,7.7,2.8,9.2,1.0,15.9,20.2,461,-0.9,0.0,4.26,11.5,12.6,1.3,17.9
Sage,Kaur,,34,SP/RP,44,65,3.45,373,199,1000.0,0,0,9,1045,311,927,383,99,37,3.34,15447,4217,402,15,.220,1.24,.40,.302,3.4,9.4,2.8,8.3,0.9,15.4,41.4,432,-3.3,0.1,3.86,66.1,64.1,6.5,24.9
Dakota,Bishop,11,38,SP,49,71,4.51,210,209,957.0,19,8,0,718,357,980,480,133,42,4.66,15424,4167,509,9,.235,1.40,.41,.331,2.0,6.8,3.4,9.2,1.3,16.1,73.4,509,1.5,0.0,4.80,-24.2,-24.2,-2.6,15.0
Wixit,Holmes,18,40,RP,105,46,3.52,754,0,994.1,0,0,48,885,313,927,389,96,32,3.62,15423,4169,418,7,.222,1.25,.70,.305,2.8,8.0,2.8,8.4,0.9,15.5,20.5,418,0.1,0.0,3.78,61.2,62.8,6.5,23.3
Somner,Lyons,,30,SP,56,70,3.77,201,201,1011.0,16,6,0,904,302,918,424,132,37,4.01,15418,4219,451,6,.218,1.21,.44,.298,3.0,8.0,2.7,8.2,1.2,15.3,76.7,483,1.9,0.1,4.32,82.0,82.0,8.3,29.1
Kimber,Choi,,33,SP,55,64,3.40,219,216,991.0,16,10,1,869,299,901,374,98,36,3.65,15377,4126,406,4,.218,1.21,.46,.300,2.9,7.9,2.7,8.2,0.9,15.5,70.2,452,2.2,0.1,4.12,89.2,89.7,9.2,29.1
Grady,Barron,,39,SP/RP,74,63,4.26,466,116,955.2,1,0,33,761,331,997,452,121,44,4.33,15349,4144,479,15,.241,1.39,.54,.331,2.3,7.2,3.1,9.4,1.1,16.1,32.9,517,-0.2,0.0,4.87,-28.8,-27.7,-2.7,15.2
Harold,Knight,10,39,SP,58,70,4.26,200,200,959.0,11,6,0,863,349,963,454,123,35,4.17,15340,4160,493,12,.231,1.37,.45,.324,2.5,8.1,3.3,9.0,1.2,16.0,76.7,493,1.0,0.0,4.64,-1.1,-1.1,-0.2,17.5
Colette,Burch,19,37,RP,104,50,3.21,779,0,1015.1,0,0,47,917,262,927,362,97,24,3.38,15333,4196,389,4,.221,1.17,.68,.289,3.5,8.1,2.3,8.2,0.9,15.1,19.7,389,3.2,0.0,3.48,105.5,109.3,11.2,28.4
Kinley,Blair,16,43,SP/RP,63,60,3.99,484,121,946.1,0,0,7,827,382,919,420,115,47,4.29,15288,4117,462,13,.223,1.37,.51,.327,2.2,7.9,3.6,8.7,1.1,16.2,31.6,462,0.8,0.0,4.40,-10.6,-10.7,-1.1,15.8
Karter,Reed,,33,SP/RP,53,56,4.00,365,180,940.1,0,0,6,864,385,897,418,91,45,3.89,15119,4089,446,12,.219,1.36,.49,.325,2.2,8.3,3.7,8.6,0.9,16.1,41.4,470,-0.1,0.1,4.50,6.6,5.9,0.6,18.2
Jean-Luc,De Guyon,,32,SP,59,66,4.02,198,196,935.2,13,6,0,870,339,912,418,118,25,4.05,14994,3997,453,8,.228,1.34,.47,.319,2.6,8.4,3.3,8.8,1.1,16.0,75.7,482,0.7,0.1,4.64,27.6,27.6,2.9,21.4
Derrick,Boyd,11,39,SP,60,75,4.11,197,197,953.2,17,7,0,693,331,949,436,105,46,4.26,14854,4100,470,13,.231,1.34,.44,.323,2.1,6.5,3.1,9.0,1.0,15.6,75.4,470,-4.2,0.0,4.40,20.6,20.6,2.1,19.6
Rey,Solomon,10,38,SP,45,55,4.28,194,194,934.2,11,2,0,723,361,916,444,108,42,4.35,14831,4025,465,9,.228,1.37,.45,.328,2.0,7.0,3.5,8.8,1.0,15.9,76.4,465,-3.8,0.0,4.44,11.2,11.2,1.2,18.3
Dex,Pickles,14,38,SP,52,78,4.26,199,199,944.0,16,7,0,652,356,963,447,114,35,4.53,14823,4113,481,6,.234,1.40,.40,.329,1.8,6.2,3.4,9.2,1.1,15.7,74.5,481,8.4,0.0,4.67,-12.4,-12.4,-1.4,16.2
Earl,Arthur,12,43,SP,50,77,4.82,209,206,898.1,13,6,0,663,395,927,481,117,58,4.83,14750,3990,502,13,.232,1.47,.39,.346,1.7,6.6,4.0,9.3,1.2,16.4,70.6,502,1.6,0.0,5.05,-44.1,-44.1,-4.6,11.9
Tristen,Homebrew,18,39,RP,93,56,3.89,725,0,923.0,0,0,15,712,357,896,399,110,38,4.39,14728,3986,438,14,.225,1.36,.62,.324,2.0,6.9,3.5,8.7,1.1,16.0,20.3,438,0.1,0.0,4.27,-0.3,-0.7,-0.1,15.6
Biddles,Horn,17,29,SP,52,74,4.34,200,200,925.1,13,3,0,714,305,965,446,111,43,4.24,14713,4009,485,6,.241,1.37,.41,.328,2.3,6.9,3.0,9.4,1.1,15.9,73.6,485,0.7,0.0,4.72,-14.8,-14.8,-1.5,15.8
Dylan,Resplendant,16,40,RP,106,42,3.51,716,0,943.1,0,0,20,880,252,891,368,98,27,3.47,14702,3943,405,9,.226,1.21,.72,.297,3.5,8.4,2.4,8.5,0.9,15.6,20.5,405,0.8,0.0,3.87,39.2,38.8,3.9,20.0
Burpee,Salgado,,38,RP,103,45,4.56,709,0,910.2,0,0,23,666,342,983,461,122,33,4.61,14621,3993,492,6,.246,1.45,.70,.340,1.9,6.6,3.4,9.7,1.2,16.1,20.6,533,3.5,0.0,5.30,-60.1,-60.4,-6.2,10.4
Evermore,Nixon,10,40,SP,50,71,4.33,189,189,910.0,18,8,0,764,303,900,438,122,35,4.28,14403,3910,460,12,.230,1.32,.41,.317,2.5,7.6,3.0,8.9,1.2,15.8,76.2,460,-0.6,0.0,4.54,15.7,15.7,1.5,18.2
Blaine,Alonzo,11,40,SP,45,82,5.01,205,205,882.0,9,4,0,636,326,949,491,114,39,4.58,14319,3877,515,9,.245,1.45,.35,.339,2.0,6.5,3.3,9.7,1.2,16.2,69.8,515,2.1,0.0,5.28,-76.3,-76.3,-7.8,8.4
Heathcliffe,Shipwreck,18,41,RP,98,49,4.09,721,0,883.1,0,0,6,708,359,884,401,103,39,4.36,14210,3840,436,7,.230,1.41,.67,.334,2.0,7.2,3.7,9.0,1.0,16.1,19.7,436,3.1,0.0,4.47,-15.9,-17.1,-1.7,13.3
Villa,Logan,12,43,SP,40,81,5.59,205,203,859.1,15,6,0,559,359,969,534,145,34,5.36,14198,3868,563,14,.251,1.55,.33,.352,1.6,5.9,3.8,10.1,1.5,16.5,69.3,563,0.5,0.0,5.90,-118.8,-118.8,-12.1,3.7
Melina,Fleming,16,38,RP,114,35,3.34,710,0,903.1,0,0,19,935,267,820,335,80,34,3.18,14183,3752,359,7,.219,1.20,.77,.299,3.5,9.3,2.7,8.2,0.8,15.7,20.0,359,-1.7,0.0,3.56,83.2,82.1,8.4,23.7
Trevor,Phillips,17,43,RP,107,47,3.90,700,0,889.0,0,0,39,800,318,895,385,104,33,4.01,14155,3826,417,14,.234,1.36,.69,.326,2.5,8.1,3.2,9.1,1.1,15.9,20.2,417,0.8,0.0,4.23,1.9,2.8,0.2,15.4
Rob,Schneider,,28,SP,52,65,4.26,181,181,889.2,16,4,0,805,286,877,421,105,31,3.89,13981,3788,447,10,.232,1.31,.44,.315,2.8,8.1,2.9,8.9,1.1,15.7,77.2,498,-0.6,0.1,5.03,30.9,30.9,3.0,21.6
Jorge,Cuevas,19,41,RP,97,41,4.00,683,0,893.1,0,0,44,783,288,901,397,98,29,3.84,13965,3810,419,12,.236,1.33,.70,.320,2.7,7.9,2.9,9.1,1.0,15.6,20.4,419,-2.9,0.0,4.19,24.3,26.6,2.6,17.8
Deacon,Hughes,16,39,RP,106,42,3.66,721,0,887.0,0,0,17,709,299,869,361,108,40,4.23,13940,3792,387,13,.229,1.32,.72,.319,2.4,7.2,3.0,8.8,1.1,15.7,19.3,387,-3.6,0.0,3.89,46.0,46.2,4.6,19.7
Benjamin,Okoye,16,36,SP,60,61,4.10,198,197,907.2,14,9,0,747,242,947,413,114,23,3.96,13922,3819,430,2,.248,1.31,.50,.317,3.1,7.4,2.4,9.4,1.1,15.3,70.3,430,-8.7,0.0,4.18,46.5,46.5,4.7,21.7
Jeremiah,Wade,10,39,SP,55,58,4.22,187,187,882.0,11,6,0,689,263,915,414,120,30,4.30,13896,3777,425,4,.242,1.34,.49,.320,2.6,7.0,2.7,9.3,1.2,15.8,74.3,425,-1.2,0.0,4.32,21.8,21.8,2.2,18.4
Bone,Boro,,28,SP,47,65,3.93,182,181,874.0,13,8,0,792,328,841,382,95,34,3.94,13888,3766,409,16,.223,1.34,.42,.319,2.4,8.2,3.4,8.7,1.0,15.9,76.3,446,-1.2,0.0,4.58,57.4,57.4,5.8,24.0
Amir,Dapper,,39,RP,113,43,3.98,710,0,870.2,0,0,13,621,269,952,385,117,30,4.45,13867,3785,422,12,.252,1.40,.72,.331,2.3,6.4,2.8,9.8,1.2,15.9,19.5,445,-0.9,0.0,4.59,-14.8,-15.8,-1.6,13.8
Flooby,McDoover,13,41,SP/RP,71,52,3.89,463,86,873.1,0,0,12,774,284,836,377,103,34,3.95,13672,3724,400,6,.224,1.28,.58,.310,2.7,8.0,2.9,8.6,1.1,15.7,29.5,400,1.6,0.0,4.14,10.6,9.8,1.0,16.5
Tyler,Brandt,,28,SP,40,68,4.88,180,180,845.2,10,5,0,652,316,872,459,123,33,4.69,13524,3662,474,5,.238,1.40,.37,.333,2.1,6.9,3.4,9.3,1.3,16.0,75.1,526,2.0,0.0,5.62,-49.2,-49.2,-5.0,12.6
Kamila,Reed,,35,SP,53,66,5.25,192,192,828.0,16,8,0,537,355,915,483,116,39,5.05,13486,3710,499,7,.247,1.53,.45,.353,1.5,5.8,3.9,9.9,1.3,16.3,70.2,545,1.2,0.1,5.94,-95.7,-95.7,-9.6,7.0
Geronimo,Arkansas,9,38,SP,45,49,3.53,182,180,859.2,7,3,0,792,239,808,337,79,36,3.41,13364,3615,362,7,.224,1.22,.48,.300,3.3,8.3,2.5,8.5,0.8,15.5,73.4,362,-5.1,0.0,3.74,84.9,84.9,8.6,24.4
Liane,Wood,18,40,RP,100,45,3.75,672,0,864.2,0,0,22,697,256,875,360,97,34,3.95,13338,3682,393,11,.238,1.31,.69,.316,2.7,7.3,2.7,9.1,1.0,15.4,19.8,393,-0.7,0.0,4.08,29.6,28.7,2.9,17.7
Beau,Rosas,,39,RP,121,32,2.76,675,0,882.1,0,0,52,885,251,760,271,81,24,3.22,13304,3581,281,9,.212,1.15,.79,.289,3.5,9.0,2.6,7.8,0.8,15.1,19.7,299,-0.8,0.0,3.04,150.4,155.3,15.9,31.6
Miguel,Grant,,31,SP,47,73,4.53,202,201,843.2,8,5,0,601,341,808,425,98,37,4.53,13304,3649,452,10,.221,1.36,.39,.325,1.8,6.4,3.6,8.6,1.0,15.8,65.9,472,3.5,0.1,5.07,-8.9,-8.9,-0.9,15.9
James,Dozer,,41,RP,109,38,3.58,657,0,840.0,0,0,31,758,290,792,334,91,31,3.85,13284,3550,353,10,.223,1.29,.74,.314,2.6,8.1,3.1,8.5,1.0,15.8,20.2,358,-0.3,0.0,3.83,50.9,52.5,5.3,19.7
Churn,Kasa,,31,SP,31,82,5.51,200,199,788.1,10,2,0,472,371,886,483,108,41,5.25,13261,3591,528,7,.247,1.59,.27,.361,1.3,5.4,4.2,10.1,1.2,16.8,66.3,565,0.0,0.1,6.45,-122.9,-122.9,-12.6,3.5
Danger,Palace,13,39,SP,33,80,5.15,223,222,805.2,15,4,0,629,374,865,461,98,27,4.61,13249,3614,493,10,.239,1.54,.29,.350,1.7,7.0,4.2,9.7,1.1,16.4,59.4,493,0.9,0.0,5.52,-84.0,-84.0,-8.5,6.3
Nicholas,Clarke,17,35,SP,47,71,4.61,181,179,825.2,14,6,0,570,283,915,423,100,33,4.44,13197,3622,454,9,.253,1.45,.40,.340,2.0,6.2,3.1,10.0,1.1,16.0,72.9,454,-0.2,0.0,4.95,-36.5,-36.5,-3.7,11.8
Kannon,Constance,14,40,SP/RP,60,65,4.08,450,81,836.1,0,0,20,650,294,844,379,113,37,4.49,13153,3602,409,11,.234,1.36,.48,.326,2.2,7.0,3.2,9.1,1.2,15.7,29.2,409,1.3,0.0,4.41,-9.1,-8.7,-0.9,14.0
Ryder,Vargas,14,41,RP,95,29,3.00,634,0,854.2,0,0,31,900,228,733,285,82,29,3.14,13143,3500,309,6,.209,1.12,.77,.283,3.9,9.5,2.4,7.7,0.9,15.4,20.7,309,-1.7,0.0,3.24,98.5,99.8,10.1,24.7
Liberty,Solis,,31,SP/RP,55,46,3.69,376,131,857.2,1,1,6,845,224,790,352,102,25,3.55,13101,3558,377,5,.222,1.18,.54,.292,3.8,8.9,2.4,8.3,1.1,15.3,34.8,390,0.1,0.0,4.09,44.5,43.6,4.5,20.5
Beefly,Despot,15,38,RP,75,42,3.07,647,0,869.2,0,0,39,916,218,743,297,83,24,3.07,13072,3533,319,8,.210,1.11,.64,.279,4.2,9.5,2.3,7.7,0.9,15.0,20.2,319,0.2,0.0,3.30,99.6,101.1,10.3,25.1
Twyn,Munoz,9,40,SP,42,66,4.31,175,174,833.0,10,1,0,643,253,852,399,109,38,4.31,13062,3602,426,7,.237,1.33,.39,.317,2.5,6.9,2.7,9.2,1.2,15.7,74.6,426,-4.3,0.0,4.56,25.3,25.3,2.6,17.9
Aubrielle,Wallace,15,39,SP,50,60,3.77,170,169,832.2,20,9,0,726,307,766,349,97,40,4.12,13010,3560,370,8,.215,1.29,.45,.313,2.4,7.8,3.3,8.3,1.0,15.6,76.5,370,0.7,0.0,4.01,49.3,49.3,5.0,20.6
DJ,Mueller,10,41,SP,40,65,4.70,185,184,795.0,7,1,0,593,287,836,415,110,36,4.63,12998,3485,440,12,.240,1.41,.38,.333,2.1,6.7,3.2,9.5,1.2,16.3,70.3,440,2.5,0.0,5.01,-28.0,-28.0,-2.9,11.7
Zerwin,Longstroke,19,38,SP,38,65,4.52,173,173,802.2,12,2,0,625,304,824,403,96,29,4.34,12967,3507,426,7,.235,1.41,.37,.330,2.1,7.0,3.4,9.2,1.1,16.2,75.0,426,-0.1,0.1,4.78,-22.2,-22.2,-2.3,12.8
Kayson,Ryan,18,38,RP,89,36,3.75,609,0,830.1,0,0,42,709,318,773,346,83,28,3.94,12948,3530,367,9,.219,1.31,.71,.317,2.2,7.7,3.4,8.4,0.9,15.6,21.3,367,0.4,0.0,3.98,25.7,27.1,2.8,16.9
Connor,Buck,18,41,RP,86,46,3.46,620,0,826.2,0,0,29,747,329,741,318,74,26,3.74,12919,3517,354,7,.211,1.29,.65,.312,2.3,8.1,3.6,8.1,0.8,15.6,20.8,354,-0.8,0.0,3.85,43.4,42.0,4.2,18.2
Jinkies,Ford,,30,SP,39,65,5.00,178,177,795.1,10,1,0,605,314,850,442,101,40,4.56,12861,3545,478,10,.240,1.46,.38,.340,1.9,6.8,3.6,9.6,1.1,16.2,72.3,528,1.3,0.0,5.99,-53.4,-53.4,-5.4,11.2
Brantley,Driver,,39,RP,98,33,3.89,639,0,806.2,0,0,35,628,300,797,349,102,32,4.42,12857,3473,376,10,.229,1.36,.75,.325,2.1,7.0,3.3,8.9,1.1,15.9,20.1,392,0.6,0.0,4.38,5.2,6.4,0.7,14.7
Jules,Verne,,34,RP,95,36,3.82,614,0,805.0,0,0,58,733,295,764,342,97,32,4.06,12833,3449,370,18,.222,1.32,.73,.316,2.5,8.2,3.3,8.5,1.1,15.9,20.9,384,-3.6,0.0,4.25,22.2,23.7,2.5,16.8
Cade,Ricci,9,38,SP,49,62,4.29,173,173,807.0,14,6,0,658,277,845,385,96,32,4.16,12827,3496,410,10,.242,1.39,.44,.330,2.4,7.3,3.1,9.4,1.1,15.9,74.1,410,-1.4,0.0,4.56,6.2,6.2,0.6,15.5
Vienna,Rowan,14,38,RP,99,44,4.15,637,0,804.2,0,0,10,796,253,785,371,106,19,3.85,12820,3429,401,9,.229,1.29,.69,.308,3.1,8.9,2.8,8.8,1.2,15.9,20.1,401,0.3,0.0,4.49,-22.4,-23.2,-2.4,11.4
Shane,Maldonado,14,40,SP,29,79,5.62,251,250,767.0,6,1,0,484,357,850,479,115,35,5.32,12790,3483,516,10,.244,1.57,.27,.357,1.4,5.7,4.2,10.0,1.3,16.7,51.0,516,-1.7,0.0,6.04,-117.9,-117.9,-12.0,2.2
Iceman,Jugo,10,41,SP,33,84,5.20,185,183,774.0,9,4,0,539,329,813,447,109,41,4.97,12740,3454,494,7,.235,1.48,.28,.343,1.6,6.3,3.8,9.5,1.3,16.5,68.9,494,-0.1,0.0,5.74,-99.6,-99.6,-10.1,4.1
Jason,Baldwin,,38,RP,80,36,3.64,626,0,822.1,0,0,23,678,266,778,333,103,40,4.20,12704,3479,373,7,.224,1.27,.69,.312,2.5,7.4,2.9,8.5,1.1,15.4,20.3,405,1.8,0.0,4.45,-3.4,-3.8,-0.3,14.3
Solanum,Bramble,,35,SP,40,65,4.66,172,171,782.2,10,4,0,601,352,779,405,111,38,4.90,12677,3451,435,9,.226,1.45,.38,.339,1.7,6.9,4.0,9.0,1.3,16.2,73.7,477,2.6,0.0,5.51,-27.9,-27.9,-2.8,13.5
Kate,Paul,18,39,SP,33,55,4.57,177,177,773.1,3,3,0,633,302,779,393,108,37,4.59,12651,3374,417,7,.231,1.40,.38,.331,2.1,7.4,3.5,9.1,1.3,16.4,71.5,417,4.0,0.1,4.90,-34.2,-34.2,-3.4,11.1
John,Frusciante,9,38,SP,44,62,4.55,170,170,792.0,6,1,0,584,231,856,400,109,36,4.43,12536,3436,423,5,.249,1.37,.42,.327,2.5,6.6,2.6,9.7,1.2,15.8,73.7,423,-0.5,-0.1,4.80,-7.5,-7.5,-0.7,13.8
Iggy,Alvarez,15,41,RP,97,42,3.89,618,0,773.0,0,0,29,654,279,810,334,85,31,4.04,12517,3367,365,7,.241,1.41,.70,.333,2.3,7.6,3.2,9.4,1.0,16.2,20.3,365,1.1,0.0,4.26,7.4,7.3,0.7,14.0
Barrett,Reyes,19,39,RP,87,37,4.28,629,0,771.2,0,0,12,632,286,789,367,104,43,4.49,12480,3346,388,12,.236,1.39,.70,.334,2.2,7.4,3.3,9.2,1.2,16.2,19.8,388,-3.3,0.0,4.49,-20.8,-21.8,-2.2,10.9
Bronson,Donson,9,37,SP,37,63,4.70,172,172,766.0,14,5,0,489,348,804,400,91,42,4.90,12441,3421,425,5,.235,1.50,.37,.349,1.4,5.7,4.1,9.4,1.1,16.2,72.3,425,2.6,0.0,5.02,-34.8,-34.8,-3.5,10.6
Grecco,Portillo,16,40,RP,94,45,4.60,609,0,741.2,0,0,13,571,340,746,379,90,41,4.68,12300,3287,400,9,.227,1.46,.68,.343,1.7,6.9,4.1,9.1,1.1,16.6,20.2,400,0.4,0.0,4.86,-48.6,-48.8,-4.9,7.8
Jestre,McDonnie,,33,RP,97,29,3.01,618,0,809.2,0,0,42,811,219,729,271,81,24,3.30,12229,3333,302,9,.219,1.17,.77,.292,3.7,9.0,2.4,8.1,0.9,15.1,19.8,326,2.7,0.1,3.65,88.4,90.6,9.2,23.6
Thalia,Ryan,8,40,SP,50,49,3.71,157,157,785.2,14,3,0,628,225,759,324,85,24,3.86,12202,3302,350,0,.230,1.25,.51,.305,2.8,7.2,2.6,8.7,1.0,15.5,77.7,350,0.6,-0.1,4.02,48.5,48.5,4.9,19.3
Amara,Perkins,8,33,SP,46,52,4.11,160,160,779.2,8,4,0,651,217,771,356,99,29,4.03,12191,3311,374,6,.233,1.27,.47,.307,3.0,7.5,2.5,8.9,1.1,15.6,76.2,374,1.1,-0.1,4.33,36.6,36.6,3.7,18.0
Volodymyr,Antonyuk,,31,SP/RP,32,47,3.74,264,171,771.0,0,0,5,724,270,719,320,74,17,3.59,12177,3238,332,6,.222,1.28,.41,.311,2.7,8.5,3.2,8.4,0.9,15.8,46.1,351,1.4,0.0,4.11,54.7,54.2,5.5,20.3
Svetlana,Ivanov,15,40,RP,87,37,3.80,585,0,767.0,0,0,21,638,275,757,324,94,31,4.23,12151,3306,350,11,.229,1.35,.70,.322,2.3,7.5,3.2,8.9,1.1,15.8,20.8,350,0.3,0.0,4.11,23.0,22.2,2.2,15.3
Ventura,Ngata,,29,SP,31,58,4.65,158,158,740.2,6,1,0,620,292,753,383,100,29,4.48,12120,3247,402,8,.232,1.41,.35,.331,2.1,7.5,3.5,9.1,1.2,16.4,76.7,439,-0.6,0.0,5.33,-5.4,-5.4,-0.6,15.1
Les,Hines,,39,RP,98,51,4.43,630,0,756.0,0,0,11,621,260,766,372,93,33,4.22,12098,3285,402,5,.233,1.36,.66,.322,2.4,7.4,3.1,9.1,1.1,16.0,19.2,422,1.1,0.0,5.04,-37.1,-37.9,-3.9,9.8
Ivory,Gangrene,,35,SP,46,51,3.98,156,156,756.2,10,7,0,695,276,745,335,74,28,3.74,12054,3251,365,8,.229,1.35,.47,.323,2.5,8.3,3.3,8.9,0.9,15.9,77.3,404,-2.9,0.0,4.77,47.9,47.9,4.8,21.0
Axl,Trujillo,16,43,RP,80,44,4.03,593,0,741.0,0,0,36,597,280,779,332,93,24,4.35,12010,3238,365,20,.241,1.43,.65,.334,2.1,7.3,3.4,9.5,1.1,16.2,20.3,365,1.3,0.0,4.45,-10.4,-10.5,-1.1,11.5
Bax,Stiffbottom,17,37,RP,97,30,3.25,590,0,819.2,0,0,54,792,190,800,296,80,21,3.21,12007,3370,304,4,.237,1.21,.76,.300,4.2,8.7,2.1,8.8,0.9,14.6,20.4,304,-8.7,0.0,3.24,97.4,104.3,10.7,24.6
Elder,Nash,17,42,RP,104,44,4.08,614,0,751.2,0,0,30,554,258,783,341,94,29,4.40,11981,3264,369,8,.240,1.38,.70,.328,2.1,6.6,3.1,9.4,1.1,15.9,19.5,369,1.3,0.0,4.43,-9.7,-8.9,-1.0,11.9
Yes,O'Neill,,32,SP,45,57,4.28,160,160,754.1,6,6,0,605,264,734,359,106,29,4.49,11923,3244,399,3,.226,1.32,.44,.317,2.3,7.2,3.1,8.8,1.3,15.8,74.5,409,3.9,0.0,4.93,-20.9,-20.9,-2.1,12.5
Kobe,Rossi,,29,SP,33,68,4.85,162,161,735.1,9,3,0,704,222,811,396,124,27,4.39,11903,3217,428,7,.252,1.40,.33,.329,3.2,8.6,2.7,9.9,1.5,16.2,73.5,482,-5.4,0.0,5.83,-46.7,-46.7,-4.7,11.1
Dae-Ho,Seong,,36,RP,92,37,3.30,556,0,760.0,0,0,42,719,213,726,279,88,24,3.65,11893,3180,307,8,.228,1.24,.71,.303,3.4,8.5,2.5,8.6,1.0,15.6,21.4,330,-2.3,0.0,3.88,65.4,67.1,6.8,20.5
Amelie,Fry,14,38,RP,76,35,4.03,577,0,745.2,0,0,16,612,287,766,334,84,29,4.19,11863,3243,364,10,.236,1.41,.68,.334,2.1,7.4,3.5,9.2,1.0,15.9,20.6,364,-0.3,0.0,4.39,-5.9,-6.8,-0.7,12.0
Ruby,McFarland,8,42,SP,30,54,4.79,160,160,711.2,6,2,0,488,344,747,379,93,35,5.03,11857,3195,403,10,.234,1.53,.36,.352,1.4,6.2,4.4,9.4,1.2,16.7,74.1,403,4.6,-0.1,5.15,-40.8,-40.8,-4.1,8.9
Gertrude,Bean,10,38,SP,39,66,4.97,168,167,728.0,12,3,0,450,325,746,402,99,38,5.13,11798,3213,422,9,.232,1.47,.37,.345,1.4,5.6,4.0,9.2,1.2,16.2,70.2,422,0.1,0.0,5.22,-50.1,-50.1,-5.1,8.3
Bray,Grammersh,,32,SP/RP,14,59,4.47,237,186,729.0,0,0,11,629,279,741,362,91,20,4.23,11782,3180,388,7,.233,1.40,.19,.327,2.3,7.8,3.4,9.1,1.1,16.2,49.7,420,3.8,0.0,5.23,-21.2,-21.8,-2.2,12.1
Swing,Slinger,,29,SP,30,57,5.04,154,154,712.0,4,1,0,687,234,736,399,89,26,3.89,11585,3097,417,4,.238,1.36,.34,.322,2.9,8.7,3.0,9.3,1.1,16.3,75.2,454,0.7,0.0,5.75,-35.9,-35.9,-3.7,11.7
Harper,Donathan,11,37,SP/RP,23,54,3.39,228,185,757.2,0,0,0,721,214,690,285,81,36,3.58,11501,3177,316,3,.217,1.19,.30,.296,3.4,8.6,2.5,8.2,1.0,15.2,50.4,316,-0.6,0.0,3.75,54.0,52.8,5.4,18.9
Cullen,Houndstooth,8,39,SP,33,54,4.01,153,152,741.1,12,3,0,577,210,743,330,92,32,4.14,11473,3161,356,3,.235,1.29,.38,.312,2.7,7.0,2.5,9.0,1.1,15.5,75.0,356,1.5,-0.1,4.34,20.5,20.5,2.1,15.7
Jessie,Hart,13,41,RP,59,40,4.51,541,0,715.0,0,0,15,503,241,773,358,103,30,4.70,11415,3137,388,6,.246,1.42,.60,.333,2.1,6.3,3.0,9.7,1.3,16.0,21.1,388,-3.3,0.0,4.84,-42.4,-42.4,-4.4,7.8
Earny,Felix,8,41,SP,29,62,4.42,156,156,715.1,9,6,0,507,269,719,351,85,46,4.55,11397,3100,375,7,.232,1.38,.32,.334,1.9,6.4,3.4,9.0,1.1,15.9,73.1,375,-0.9,-0.1,4.71,-10.0,-10.0,-1.0,12.1
Tomas,McMillan,17,36,RP,89,35,4.18,594,0,712.1,0,0,16,572,270,735,331,101,29,4.60,11357,3109,350,10,.236,1.41,.72,.333,2.1,7.2,3.4,9.3,1.3,15.9,19.1,350,0.5,0.0,4.43,-11.6,-12.5,-1.3,10.8
Kailani,Day,18,42,RP,77,48,4.32,570,0,700.2,0,0,24,458,265,735,336,98,32,4.88,11065,3050,361,5,.241,1.43,.62,.338,1.7,5.9,3.4,9.4,1.3,15.8,19.4,361,2.1,0.0,4.66,-26.3,-26.1,-2.7,9.3
Timber,Henderson,13,39,RP,96,36,3.74,551,0,713.0,0,0,24,611,178,732,296,86,17,3.77,11047,3003,310,2,.244,1.28,.73,.309,3.4,7.7,2.2,9.2,1.1,15.5,20.0,310,-0.2,0.0,3.91,27.0,27.5,2.8,15.0
Boxer,Rasmussen,,40,RP,82,37,3.61,571,0,715.1,0,0,15,710,185,691,287,71,26,3.29,11041,2997,313,10,.231,1.22,.69,.301,3.8,8.9,2.3,8.7,0.9,15.4,19.3,333,1.0,0.0,4.20,38.1,38.7,3.9,16.8
Happy,Goodfella,,26,SP,40,50,3.48,141,141,709.0,12,6,0,646,159,669,274,78,17,3.45,10970,2930,288,3,.228,1.17,.44,.288,4.1,8.2,2.0,8.5,1.0,15.5,77.8,325,0.2,0.0,4.13,83.5,83.5,8.4,23.6
Dewd,Shrewd,8,42,SP,30,61,4.35,145,145,670.2,10,5,0,498,289,685,324,76,28,4.51,10942,2961,347,8,.231,1.45,.33,.338,1.7,6.7,3.9,9.2,1.0,16.3,75.5,347,-0.2,0.0,4.65,1.9,1.9,0.2,12.5
Neil,Vance,18,38,RP,65,37,4.31,566,0,679.1,0,0,28,493,225,769,325,81,34,4.34,10851,3009,368,9,.256,1.46,.64,.342,2.2,6.5,3.0,10.2,1.1,16.0,19.2,368,-4.1,0.0,4.82,-31.5,-31.5,-3.2,8.3
Frida,Bocci,,41,SP,43,47,3.98,140,140,700.2,12,3,0,552,225,691,310,83,29,4.15,10851,2998,323,9,.230,1.31,.48,.315,2.5,7.1,2.9,8.9,1.1,15.5,77.5,367,3.0,0.0,4.75,37.6,37.6,3.8,18.9
Johnathan,Bentley,12,35,RP,75,31,3.41,518,0,699.2,0,0,28,655,223,633,265,75,27,3.69,10838,2920,275,7,.217,1.22,.71,.302,2.9,8.4,2.9,8.1,1.0,15.5,20.9,275,1.3,0.0,3.55,59.1,60.6,6.1,18.2
Cooper,Caterpillar,,37,RP,66,36,4.64,536,0,659.2,0,0,21,567,314,633,340,101,25,4.91,10779,2884,361,8,.219,1.44,.65,.337,1.8,7.7,4.3,8.6,1.4,16.3,20.1,396,-0.3,0.0,5.40,-49.0,-48.5,-5.0,7.0
Canopy,Overly,13,40,RP,80,40,4.83,535,0,686.1,0,0,17,499,249,684,368,87,36,4.54,10716,2953,380,10,.232,1.36,.67,.328,2.0,6.5,3.3,9.0,1.1,15.6,20.0,380,1.4,0.0,5.00,-58.4,-58.6,-6.0,5.8
Paige,McKenzie,17,44,RP,67,60,4.61,689,0,682.2,0,0,30,417,211,783,350,92,32,4.70,10714,2988,376,9,.262,1.46,.53,.343,2.0,5.5,2.8,10.3,1.2,15.7,15.6,376,-2.5,0.0,4.92,-46.9,-46.5,-4.6,7.0
Brycen,Longstroke,,41,SP,38,60,4.70,151,147,673.1,14,8,0,526,259,693,352,89,38,4.58,10689,2947,368,9,.235,1.41,.39,.336,2.0,7.0,3.5,9.3,1.2,15.9,70.8,424,3.0,0.0,5.71,-43.4,-43.4,-4.4,9.7
Maxi,Five,,26,SP,23,50,4.85,140,140,649.2,8,3,0,547,257,690,350,79,21,4.28,10682,2869,372,1,.241,1.46,.32,.337,2.1,7.6,3.6,9.6,1.1,16.4,76.3,425,-2.5,0.0,5.85,-33.4,-33.4,-3.3,10.8
Bente,Berg,,30,SP,32,55,4.41,140,140,677.1,11,5,0,580,215,651,332,89,34,4.20,10679,2887,350,3,.225,1.28,.37,.312,2.7,7.7,2.9,8.7,1.2,15.8,76.3,388,1.7,0.0,5.18,-4.3,-4.3,-0.4,14.0
Augustine,Anaya,7,38,SP,49,40,3.60,138,138,690.2,11,8,0,540,266,605,276,67,28,4.07,10613,2901,296,7,.209,1.26,.55,.310,2.0,7.0,3.5,7.9,0.9,15.4,76.9,296,3.5,0.0,3.90,51.0,51.0,5.2,17.8
Clayton,Stephens,,35,SP/RP,42,50,4.86,340,86,636.2,0,0,7,427,270,705,344,91,22,4.99,10462,2829,361,8,.249,1.53,.46,.352,1.6,6.0,3.8,10.0,1.3,16.4,30.8,406,1.2,0.0,5.76,-66.0,-66.0,-6.7,5.6
Goldur,Christensen,8,41,SP,35,55,5.11,143,143,646.2,10,6,0,486,238,694,367,94,20,4.68,10460,2855,401,8,.243,1.44,.39,.333,2.0,6.8,3.3,9.7,1.3,16.2,73.1,401,0.7,-0.1,5.59,-69.4,-69.4,-7.0,4.8
Koil,Lindsey,,32,RP,70,44,4.20,533,0,638.1,0,0,15,532,231,688,298,82,23,4.30,10422,2814,321,11,.244,1.44,.61,.335,2.3,7.5,3.3,9.7,1.2,16.3,19.6,345,-3.2,0.0,4.82,-16.5,-16.9,-1.7,9.9
Ayden,Hart,,31,SP/RP,45,39,4.20,293,100,644.2,0,0,2,591,231,605,301,78,25,4.03,10414,2743,316,9,.221,1.30,.54,.314,2.6,8.3,3.2,8.4,1.1,16.2,35.5,365,1.0,0.0,5.11,-23.4,-23.9,-2.5,10.2
Yousef,Gleaming,13,40,RP,91,30,3.71,531,0,664.1,0,0,15,542,224,657,274,80,23,4.15,10398,2845,291,6,.231,1.33,.75,.318,2.4,7.3,3.0,8.9,1.1,15.7,19.6,291,-0.8,0.0,3.93,22.9,21.5,2.1,13.6
Dimo,Papardelle,16,42,RP,66,42,3.79,521,0,653.0,0,0,28,486,225,681,275,82,21,4.37,10324,2797,302,4,.243,1.39,.61,.331,2.2,6.7,3.1,9.4,1.1,15.8,19.8,302,-1.8,0.0,4.14,12.3,13.7,1.4,12.5
Jensen,Kane,8,40,SP,33,58,4.83,154,154,635.1,3,0,0,521,223,688,341,88,34,4.47,10302,2811,361,7,.245,1.43,.36,.336,2.3,7.4,3.2,9.7,1.2,16.2,66.9,361,-0.9,-0.1,5.10,-31.3,-31.3,-3.1,8.5
Holly,Furthermore,14,40,RP,69,37,3.93,538,0,646.1,0,0,19,515,248,672,282,62,32,4.05,10293,2819,299,5,.238,1.42,.65,.338,2.1,7.2,3.5,9.4,0.9,15.9,19.1,299,-0.3,0.0,4.16,11.3,11.1,1.2,12.2
Nikolai,Shesterkin,16,43,RP,61,43,4.30,530,0,609.2,0,0,8,468,237,690,291,88,28,4.75,10213,2752,322,9,.251,1.52,.59,.347,2.0,6.9,3.5,10.2,1.3,16.8,19.3,322,-0.2,0.0,4.75,-34.5,-35.0,-3.6,6.7
Letti,Caballero,,27,SP,33,44,4.75,142,142,636.2,7,5,0,580,192,716,336,91,14,4.11,10196,2781,347,3,.257,1.43,.43,.332,3.0,8.2,2.7,10.1,1.3,16.0,71.8,412,-4.5,0.0,5.76,-27.7,-27.7,-2.7,11.0
Kash,Lin,13,41,RP,63,32,3.95,498,0,629.0,0,0,17,535,271,636,276,64,23,4.12,10179,2755,302,8,.231,1.44,.66,.338,2.0,7.7,3.9,9.1,0.9,16.2,20.4,302,-1.8,0.0,4.30,-2.0,-1.9,-0.2,10.6
Keith,Gibbon,,30,RP,78,25,3.95,497,0,649.1,0,0,21,593,227,607,285,77,28,3.99,10128,2763,301,6,.220,1.28,.76,.312,2.6,8.2,3.1,8.4,1.1,15.6,20.4,321,0.8,0.1,4.46,8.2,8.0,0.9,12.3
Colby,Butters,14,39,RP,81,37,4.10,498,0,634.0,0,0,17,445,244,631,289,76,22,4.51,9994,2736,305,8,.231,1.38,.69,.328,1.8,6.3,3.5,9.0,1.1,15.8,20.1,305,0.8,0.0,4.34,-2.8,-2.2,-0.2,10.6
Ransom,Splintz,,34,SP,36,47,4.54,133,133,632.0,9,1,0,430,247,658,319,86,30,4.82,9967,2779,335,5,.237,1.43,.43,.336,1.7,6.1,3.5,9.4,1.2,15.8,74.9,378,2.9,0.0,5.42,-10.8,-10.8,-1.1,12.6
Amir,Aguirre,13,37,RP,76,33,4.44,503,0,609.2,0,0,23,499,273,621,301,59,37,4.25,9895,2698,317,7,.230,1.47,.70,.345,1.8,7.4,4.0,9.2,0.9,16.2,19.7,317,-2.8,0.0,4.64,-22.7,-21.9,-2.1,8.3
Arjun,Singh,7,43,SP,34,46,4.26,132,132,627.0,10,5,0,576,204,622,297,80,19,3.99,9883,2688,312,8,.231,1.32,.43,.314,2.8,8.3,2.9,8.9,1.1,15.8,74.9,312,0.8,0.0,4.49,8.9,8.9,0.9,12.3
Donovan,Riley,14,42,RP,64,38,4.45,491,0,599.0,0,0,21,443,224,694,296,69,23,4.36,9782,2667,336,8,.260,1.53,.63,.353,2.0,6.7,3.4,10.4,1.0,16.3,19.9,336,0.2,0.0,5.05,-49.0,-49.0,-5.0,5.3
Newt,Hughes,13,40,RP,81,37,3.75,535,0,631.0,0,0,15,497,182,616,263,71,20,3.95,9762,2655,288,10,.232,1.26,.69,.308,2.7,7.1,2.6,8.8,1.0,15.5,18.2,288,-0.6,0.0,4.10,14.8,15.5,1.6,12.3
Rex,Wrestles,,37,RP,66,37,4.15,493,0,614.1,0,0,7,557,197,656,283,81,14,4.03,9712,2646,304,6,.248,1.39,.64,.328,2.8,8.2,2.9,9.6,1.2,15.8,19.7,321,-3.8,0.1,4.65,-2.8,-3.3,-0.3,10.6
Pop,Worrymore,,32,RP,67,29,4.19,476,0,612.2,0,0,26,466,223,654,285,83,11,4.49,9699,2671,302,4,.245,1.43,.70,.332,2.1,6.8,3.3,9.6,1.2,15.8,20.4,331,-1.2,0.0,4.84,-14.2,-14.5,-1.5,9.5
Lenny,Glass,8,42,SP,21,58,5.36,135,135,591.1,10,3,0,404,225,674,352,91,27,5.01,9657,2653,367,5,.254,1.52,.27,.349,1.8,6.1,3.4,10.3,1.4,16.3,71.5,367,-2.3,0.0,5.55,-52.1,-52.1,-5.2,5.6
Mel,Rodriguez,,32,SP,24,57,4.71,140,140,594.2,3,2,0,488,200,647,311,76,19,4.23,9598,2603,324,5,.249,1.42,.30,.333,2.4,7.4,3.0,9.8,1.2,16.1,68.6,364,0.0,0.0,5.51,-21.4,-21.4,-2.2,10.7
Korbin,Asiago,13,39,RP,66,34,4.30,485,0,602.2,0,0,18,478,213,651,288,75,20,4.29,9567,2644,312,12,.246,1.43,.66,.334,2.2,7.1,3.2,9.7,1.1,15.9,19.7,312,-0.6,0.0,4.65,-27.9,-27.9,-2.9,7.5
Fender,McGuire,18,40,CL,38,56,4.71,553,0,590.1,0,0,280,551,200,625,309,84,31,4.26,9515,2574,326,6,.243,1.40,.40,.333,2.8,8.4,3.0,9.5,1.3,16.1,17.2,326,-2.3,0.0,4.94,-42.4,-41.8,-4.3,5.7
Shaz,Herman,8,40,SP,27,56,6.07,134,134,562.1,5,2,0,370,287,653,379,83,33,5.41,9496,2607,391,7,.250,1.67,.33,.373,1.3,5.9,4.6,10.5,1.3,16.9,70.9,391,1.8,-0.1,6.29,-108.9,-108.9,-11.0,-0.7
Buck,Andrews,12,40,RP,59,27,4.77,480,0,582.2,0,0,23,444,235,611,309,82,39,4.82,9489,2573,328,8,.237,1.45,.69,.344,1.9,6.9,3.6,9.4,1.3,16.3,19.8,328,-1.2,0.0,5.05,-46.1,-45.8,-4.7,5.4
Barny,Friedman,,36,RP,69,39,4.68,472,0,569.2,0,0,11,412,216,644,296,75,32,4.67,9424,2546,327,7,.253,1.51,.64,.350,1.9,6.5,3.4,10.2,1.2,16.5,20.0,348,-2.3,0.0,5.46,-56.3,-56.3,-5.8,4.4
Miller,Oldham,9,38,SP/RP,52,33,4.15,314,51,598.0,0,0,19,512,194,554,276,76,21,4.12,9350,2528,286,7,.219,1.25,.61,.304,2.6,7.7,2.9,8.3,1.1,15.6,29.8,286,0.6,0.0,4.31,0.8,2.1,0.2,10.9
Bridget,Hornblower,13,40,RP,57,40,4.10,462,0,579.1,0,0,33,506,193,573,264,77,29,4.23,9333,2488,276,3,.230,1.32,.59,.320,2.6,7.9,3.0,8.9,1.2,16.1,20.2,276,-0.8,0.0,4.28,1.4,1.2,0.1,10.1
Mama,Welles,,26,SP,32,50,5.21,140,140,575.0,10,3,0,380,229,657,333,87,24,5.07,9305,2581,352,8,.255,1.54,.39,.353,1.7,5.9,3.6,10.3,1.4,16.2,66.5,394,-0.7,0.0,6.16,-65.5,-65.5,-6.6,5.6
Anne,Healthy,19,39,CL,31,72,4.69,532,0,574.0,0,0,249,459,209,585,299,75,31,4.45,9150,2508,326,5,.233,1.38,.30,.329,2.2,7.2,3.3,9.2,1.2,15.9,17.2,326,0.8,0.0,5.12,-53.2,-53.0,-5.4,4.3
Powerslide,Jones,,31,SP,34,48,4.16,119,118,558.2,2,1,0,496,199,573,258,66,20,4.04,9124,2430,282,1,.236,1.38,.41,.326,2.5,8.0,3.2,9.2,1.1,16.3,76.7,327,-1.2,0.0,5.25,3.7,3.7,0.4,12.6
Ray,Bangit,,37,CL,49,58,3.73,534,0,574.0,0,0,276,549,205,538,238,64,27,3.85,9109,2444,252,3,.220,1.29,.46,.315,2.7,8.6,3.2,8.4,1.0,15.9,17.1,265,1.2,0.0,4.17,20.2,22.5,2.3,12.4
Constantine,Rockefeller,10,35,RP,86,26,3.20,418,0,604.1,0,0,60,631,137,557,215,69,10,3.23,9056,2445,223,1,.228,1.15,.77,.288,4.6,9.4,2.0,8.3,1.0,15.0,21.7,223,-8.2,0.0,3.20,77.7,83.2,8.5,18.9
Lando,Lagrange,6,41,SP,35,33,3.03,114,114,600.2,11,9,0,526,166,516,202,46,23,3.29,9035,2459,228,4,.210,1.14,.51,.287,3.2,7.9,2.5,7.7,0.7,15.0,79.3,228,0.0,0.0,3.42,90.8,90.8,9.1,20.1
Jackson,Downs,9,37,SP/RP,42,34,4.14,291,68,560.2,0,0,1,447,221,556,258,69,31,4.45,9032,2444,279,8,.227,1.39,.55,.331,2.0,7.2,3.5,8.9,1.1,16.1,31.0,279,-0.4,0.0,4.47,-16.7,-16.9,-1.7,8.3
Marty,Eklynn,,43,CL,24,56,3.32,582,0,572.0,0,0,365,499,202,530,211,50,17,3.64,9025,2417,223,5,.219,1.28,.30,.310,2.5,7.9,3.2,8.3,0.8,15.8,15.5,248,1.4,0.0,3.92,36.5,41.8,4.2,14.4
Kylie,Buttes,11,37,RP,59,29,3.69,440,0,580.1,0,0,33,457,200,538,238,72,26,4.31,9024,2446,257,8,.220,1.27,.67,.312,2.3,7.1,3.1,8.3,1.1,15.5,20.5,257,1.5,0.0,4.01,23.2,25.2,2.5,12.6
Lucca,Hull,,31,RP,64,25,3.84,442,0,583.1,0,0,24,583,152,574,249,63,13,3.35,9012,2446,262,4,.235,1.24,.72,.302,3.8,9.0,2.3,8.9,1.0,15.4,20.4,279,-3.4,0.1,4.25,37.1,37.8,3.8,14.5
August,Wheeler,9,42,SP/RP,37,20,3.11,289,63,586.2,0,0,5,521,173,520,203,54,15,3.48,8997,2414,219,6,.215,1.18,.65,.293,3.0,8.0,2.7,8.0,0.8,15.3,31.1,219,0.5,0.0,3.37,61.7,60.7,6.1,16.6
Pond,Rumms,11,41,SP,20,56,4.95,210,210,552.2,4,2,0,412,165,633,304,71,29,4.33,8983,2426,323,3,.261,1.44,.26,.341,2.5,6.7,2.7,10.3,1.2,16.3,42.8,323,-0.1,0.0,5.26,-42.0,-42.0,-4.3,5.9
Zion,Strudly,,32,RP,63,23,4.07,451,0,564.0,0,0,6,449,203,581,255,66,23,4.23,8949,2450,284,4,.237,1.39,.73,.329,2.2,7.2,3.2,9.3,1.1,15.9,19.8,312,4.4,0.0,5.05,-11.9,-12.2,-1.2,9.1
Rafaela,Zidane,,25,SP,31,39,4.47,121,120,570.0,9,3,0,442,212,555,283,81,26,4.65,8935,2454,304,3,.226,1.35,.44,.323,2.1,7.0,3.3,8.8,1.3,15.7,73.8,363,0.7,0.0,5.74,-27.1,-27.1,-2.7,9.5
Cherlock,Davenport,12,40,RP,56,19,3.71,437,0,570.1,0,0,15,495,208,529,235,74,19,4.24,8932,2437,249,6,.217,1.29,.75,.310,2.4,7.8,3.3,8.3,1.2,15.7,20.4,249,-0.5,0.0,3.92,22.6,21.9,2.2,12.0
Ezinne,Igwe,,28,SP/RP,34,39,3.96,228,104,577.2,0,0,17,416,203,560,254,80,18,4.61,8920,2452,279,4,.228,1.32,.47,.319,2.0,6.5,3.2,8.7,1.2,15.4,39.1,311,1.9,0.0,4.87,8.3,8.3,0.9,12.5
Carlito,Mahoney,8,40,SP,37,45,4.99,121,121,544.2,8,3,0,356,211,610,302,83,23,5.06,8916,2434,324,0,.251,1.51,.45,.347,1.7,5.9,3.5,10.1,1.4,16.4,73.7,324,-2.0,-0.1,5.32,-41.7,-41.7,-4.2,5.7
Molson,Marquez,,25,SP,27,47,4.53,120,120,554.0,11,5,0,432,245,559,279,71,26,4.67,8907,2437,294,4,.229,1.45,.36,.341,1.8,7.0,4.0,9.1,1.2,16.1,74.2,336,3.7,0.0,5.52,-4.0,-4.0,-0.4,11.7
Jimena,Regulation,6,42,SP,39,22,3.01,114,114,588.1,12,7,0,527,160,500,197,49,12,3.27,8905,2393,212,2,.209,1.12,.64,.281,3.3,8.1,2.4,7.6,0.7,15.1,78.1,212,-0.1,-0.1,3.24,85.9,85.9,8.6,19.4
Kristian,Dodson,9,41,SP/RP,19,44,4.62,234,106,553.2,0,0,8,345,221,581,284,70,22,4.81,8891,2428,298,7,.239,1.45,.30,.339,1.6,5.6,3.6,9.4,1.1,16.1,38.0,298,1.0,0.0,4.86,-22.2,-22.3,-2.2,7.7
Vito,Andrade,,28,SP,34,39,4.81,120,120,546.0,8,2,0,377,193,605,292,71,17,4.56,8845,2400,304,7,.252,1.46,.47,.340,2.0,6.2,3.2,10.0,1.2,16.2,73.7,372,-0.1,0.0,6.13,-64.5,-64.5,-6.5,5.4
Elliott,Blackwell,19,39,RP,58,34,4.13,460,0,549.0,0,0,20,482,203,599,252,65,21,4.11,8840,2405,262,4,.249,1.46,.63,.342,2.4,7.9,3.3,9.8,1.1,16.1,19.2,262,0.4,0.0,4.30,-3.0,-2.9,-0.3,8.9
Lilyana,Peralta,19,43,CL,25,52,3.24,574,0,567.0,0,0,328,506,169,543,204,58,15,3.62,8831,2391,220,5,.227,1.26,.32,.304,3.0,8.0,2.7,8.6,0.9,15.6,15.4,220,0.6,0.0,3.50,52.3,56.3,5.7,15.3
Remy,Linguini,,38,SP,28,42,5.19,130,130,539.0,4,1,0,338,216,593,311,68,25,4.83,8829,2393,316,7,.248,1.50,.40,.349,1.6,5.6,3.6,9.9,1.1,16.4,67.9,361,1.9,0.0,6.06,-46.3,-46.3,-4.7,7.1
Pat,Crocker,,41,RP,53,39,4.71,428,0,544.2,0,0,30,391,243,557,285,72,23,4.85,8814,2401,306,6,.232,1.47,.58,.343,1.6,6.5,4.0,9.2,1.2,16.2,20.6,338,1.0,0.0,5.60,-59.5,-59.5,-6.0,3.8
Anastasia,Ayers,11,38,RP,60,33,4.56,454,0,557.0,0,0,11,393,176,574,282,78,27,4.60,8792,2400,299,9,.239,1.35,.65,.324,2.2,6.4,2.8,9.3,1.3,15.8,19.4,299,2.0,0.0,4.86,-37.2,-37.6,-3.8,5.8
E.E.,Steez,10,38,SP,22,43,4.02,140,140,564.2,6,4,0,470,171,557,252,58,20,3.79,8764,2413,271,3,.231,1.29,.34,.310,2.7,7.5,2.7,8.9,0.9,15.5,62.6,271,-1.1,0.0,4.30,19.9,19.9,2.0,12.4
Rochelle,Karp,12,41,RP,52,24,4.10,427,0,533.0,0,0,18,407,226,532,243,66,34,4.65,8547,2327,257,10,.229,1.42,.68,.340,1.8,6.9,3.8,9.0,1.1,16.0,20.0,257,-1.4,0.0,4.32,0.7,0.6,0.1,9.3
Ty,Armstrong,,29,RP,71,24,4.17,424,0,542.1,0,0,4,429,159,610,251,74,12,4.24,8477,2348,261,5,.260,1.42,.75,.333,2.7,7.1,2.6,10.1,1.2,15.6,20.0,286,-0.3,0.0,4.74,4.3,3.7,0.3,10.3
Wilfred,Li,17,38,RP,67,32,3.81,465,0,545.2,0,0,20,441,166,539,231,64,18,4.02,8408,2315,252,5,.233,1.29,.68,.312,2.7,7.3,2.7,8.9,1.1,15.4,18.1,252,0.5,0.0,4.16,8.8,9.4,0.9,10.1
Anthony,Feducci,,42,RP,66,21,3.38,427,0,546.0,0,0,7,451,194,481,205,54,16,3.89,8314,2268,214,10,.212,1.24,.76,.305,2.3,7.4,3.2,7.9,0.9,15.2,19.5,249,-0.1,0.0,4.10,35.5,34.0,3.6,13.4
Amalee,Fromello,,31,RP,67,15,4.13,420,0,520.2,0,0,5,405,203,517,239,58,20,4.28,8247,2249,257,7,.230,1.38,.82,.329,2.0,7.0,3.5,8.9,1.0,15.8,19.6,278,0.2,0.0,4.81,-4.8,-5.2,-0.5,9.1
Gerdy,Banks,,31,SP/RP,43,41,4.24,289,32,522.1,0,0,18,406,183,524,246,65,22,4.34,8205,2239,261,10,.234,1.35,.51,.326,2.2,7.0,3.2,9.0,1.1,15.7,28.4,286,1.3,0.0,4.95,0.6,2.2,0.2,10.7
Bolt,Reliable,16,40,CL,37,41,3.61,509,0,511.0,0,0,290,477,188,458,205,53,20,3.80,8199,2147,215,4,.213,1.26,.47,.310,2.5,8.4,3.3,8.1,0.9,16.0,16.1,215,1.2,0.0,3.81,23.2,24.9,2.5,11.2
Gristle,McThornbody,,35,CL,29,66,4.50,508,0,511.2,0,0,261,421,180,534,256,70,23,4.42,8192,2225,272,6,.240,1.40,.31,.331,2.3,7.4,3.2,9.4,1.2,16.0,16.1,280,0.2,0.0,4.93,-29.6,-29.2,-3.0,5.9
Leonard,Gett,15,40,CL,35,51,4.30,467,0,500.2,0,0,235,425,209,509,239,53,27,4.19,8171,2206,257,7,.231,1.43,.41,.338,2.0,7.6,3.8,9.1,1.0,16.3,17.5,257,-1.3,0.0,4.60,-15.0,-15.1,-1.6,6.9
Bakka,Rumms,,36,SP,27,38,4.23,162,160,514.2,3,2,0,420,138,539,242,74,17,4.24,8111,2215,247,4,.243,1.32,.42,.313,3.0,7.3,2.4,9.4,1.3,15.8,50.1,272,-2.5,0.0,4.71,25.1,25.1,2.6,13.4
James,Parra,16,40,CL,25,60,4.71,462,0,501.0,0,0,222,408,211,501,262,53,22,4.24,8096,2180,279,11,.230,1.42,.29,.337,1.9,7.3,3.8,9.0,1.0,16.2,17.5,279,-0.6,0.0,5.00,-36.2,-35.7,-3.7,4.8
Quick,Rivers,13,35,RP,65,21,3.86,411,0,528.2,0,0,9,370,187,521,227,65,15,4.44,8089,2259,242,3,.231,1.34,.76,.320,2.0,6.3,3.2,8.9,1.1,15.3,19.7,242,0.8,0.0,4.13,9.3,8.5,0.9,10.0
Dub,Mosley,16,43,CL,23,67,4.19,496,0,492.1,0,0,271,433,159,523,229,68,14,4.19,8027,2136,252,2,.245,1.39,.26,.326,2.7,7.9,2.9,9.6,1.2,16.3,16.2,252,0.3,0.0,4.61,-9.1,-8.2,-0.8,7.5
Rock,Stanton,16,44,CL,31,50,3.77,490,0,496.2,0,0,266,492,194,447,208,43,21,3.54,7940,2109,226,10,.212,1.29,.38,.314,2.5,8.9,3.5,8.1,0.8,16.0,16.2,226,1.5,0.0,4.12,10.9,11.0,1.2,9.6
BB,Goldberg,10,38,RP,58,25,4.42,393,0,494.2,0,0,21,381,210,497,243,64,21,4.64,7937,2162,251,3,.230,1.43,.70,.337,1.8,6.9,3.8,9.0,1.2,16.0,20.2,251,0.0,0.0,4.57,-12.9,-12.6,-1.3,7.2
Kyla,Sullivan,11,36,RP,60,32,4.10,396,0,502.1,0,0,17,391,190,498,229,64,21,4.46,7932,2162,241,6,.230,1.37,.65,.328,2.1,7.0,3.4,8.9,1.1,15.8,20.0,241,0.0,0.0,4.32,-2.3,-2.4,-0.3,8.4
Woodland,Lowbrau,10,34,RP,51,34,4.13,389,0,501.1,0,0,28,400,156,536,230,67,25,4.32,7931,2182,244,7,.246,1.38,.60,.329,2.6,7.2,2.8,9.6,1.2,15.8,20.4,244,0.7,0.0,4.39,0.1,1.9,0.2,8.8
Lenny,Sacred,15,40,CL,34,43,3.87,479,0,505.0,0,0,255,381,195,454,217,61,17,4.42,7930,2129,233,3,.213,1.29,.44,.313,2.0,6.8,3.5,8.1,1.1,15.7,16.6,233,0.9,0.0,4.17,4.1,5.3,0.5,9.2
Chenae,Poker,,28,RP,51,23,4.03,398,0,480.2,0,0,1,433,222,475,215,64,30,4.60,7914,2138,241,6,.222,1.45,.69,.340,2.0,8.1,4.2,8.9,1.2,16.5,19.9,267,0.1,0.0,5.00,-15.2,-15.9,-1.6,7.3
Trespasse,Flowers,19,37,RP,41,32,4.21,396,0,500.0,0,0,10,396,191,510,234,59,13,4.27,7892,2167,249,6,.235,1.40,.56,.329,2.1,7.1,3.4,9.2,1.1,15.8,19.9,249,1.3,0.1,4.51,-8.8,-9.3,-0.9,7.4
Muhammad,Mena,6,37,SP,29,36,4.84,110,110,498.0,4,3,0,355,163,559,268,76,9,4.69,7878,2156,282,2,.259,1.45,.45,.339,2.2,6.4,2.9,10.1,1.4,15.8,71.6,282,-4.0,0.0,5.02,-20.2,-20.2,-2.1,7.0
Wolfgang,Gismondo,,24,SP,26,37,4.16,102,102,512.2,14,7,0,469,148,512,237,61,17,3.78,7876,2161,242,3,.237,1.29,.41,.313,3.2,8.2,2.6,9.0,1.1,15.4,77.2,285,-3.2,0.1,4.95,31.5,31.5,3.2,14.6
Cullen,Burton,19,41,SP,15,59,5.19,217,216,487.0,2,0,0,342,167,562,281,74,21,4.83,7860,2169,293,0,.259,1.50,.20,.346,2.0,6.3,3.1,10.4,1.4,16.1,36.2,293,-1.4,0.1,5.39,-46.7,-46.7,-4.7,4.4
Web,Townsend,,32,CL,27,47,3.71,478,0,505.0,0,0,267,459,164,466,208,54,27,3.81,7851,2131,223,5,.219,1.25,.36,.308,2.8,8.2,2.9,8.3,1.0,15.5,16.4,244,0.6,0.0,4.36,18.9,20.4,2.1,11.3
Rhyse,Olsen,11,38,RP,60,25,4.66,402,0,493.0,0,0,8,381,167,528,255,82,10,4.79,7795,2154,268,14,.245,1.41,.71,.327,2.3,7.0,3.0,9.6,1.5,15.8,19.4,268,0.2,0.0,4.90,-30.1,-30.3,-3.1,5.4
Julieta,Smythe,16,37,SP,14,41,5.79,109,107,468.0,4,0,0,347,177,560,301,82,22,5.17,7788,2127,311,2,.263,1.57,.25,.357,2.0,6.7,3.4,10.8,1.6,16.6,71.4,311,-2.7,0.0,5.93,-70.6,-70.6,-7.2,1.6
Kennedy,Carlson,14,39,RP,71,31,3.92,399,0,485.0,0,0,7,372,202,475,211,49,25,4.28,7757,2096,220,5,.227,1.40,.70,.335,1.8,6.9,3.7,8.8,0.9,16.0,19.4,220,2.9,0.0,4.14,6.8,6.2,0.7,9.0
Kenny,Blankenship,,24,SP,33,30,3.39,100,100,502.0,7,6,0,420,176,450,189,58,26,4.14,7751,2123,203,1,.212,1.25,.52,.307,2.4,7.5,3.2,8.1,1.0,15.4,77.5,240,0.1,0.0,4.30,66.5,66.5,6.7,18.1
Tippy,East,5,43,SP,18,35,4.05,100,100,495.2,5,3,0,443,149,489,223,55,16,3.75,7748,2110,233,5,.232,1.29,.34,.310,3.0,8.0,2.7,8.9,1.0,15.6,77.5,233,2.9,-0.1,4.28,16.7,16.7,1.7,10.8
Donovan,Frigate,,32,RP,53,33,4.47,360,0,483.0,0,0,24,337,168,516,240,75,12,4.84,7633,2094,254,2,.246,1.42,.62,.332,2.0,6.3,3.1,9.6,1.4,15.8,21.2,264,0.6,0.0,4.93,-23.0,-22.3,-2.3,6.0
Jose,Brock,10,38,RP,59,23,3.91,372,0,483.0,0,0,19,402,192,481,210,53,12,4.13,7609,2087,221,3,.230,1.39,.72,.328,2.1,7.5,3.6,9.0,1.0,15.8,20.5,221,-0.4,0.0,4.11,10.8,9.9,1.0,9.4
Celeste,Leblanc,,24,SP,39,21,3.24,100,100,492.1,9,4,0,527,131,446,177,64,5,3.48,7588,1985,179,2,.225,1.17,.65,.293,4.0,9.6,2.4,8.2,1.2,15.4,75.9,217,-7.9,0.1,3.82,100.3,100.3,10.1,21.3
Sigorine,Labelle,,26,SP,25,37,4.07,101,100,468.2,7,3,0,406,190,435,212,58,18,4.31,7561,2016,234,6,.216,1.33,.40,.319,2.1,7.8,3.6,8.4,1.1,16.1,74.9,265,1.3,0.1,5.11,22.7,22.7,2.3,13.0
Arjun,Shah,12,40,RP,41,24,4.81,388,0,460.2,0,0,9,286,191,547,246,61,18,4.94,7556,2083,260,11,.263,1.60,.63,.363,1.5,5.6,3.7,10.7,1.2,16.4,19.5,260,0.2,0.0,5.08,-38.5,-38.9,-3.9,4.0
Tasha,Johnston-Foster,,26,SP/RP,18,38,4.84,158,107,472.2,0,0,10,404,130,488,254,71,19,4.29,7421,S3,264,6,.241,1.31,.32,.315,3.1,7.7,2.5,9.3,1.4,15.7,47.0,314,-0.4,0.0,5.97,-47.5,-47.8,-4.8,4.8
Alessandro,Dodson,18,41,CL,30,48,3.88,465,0,470.1,0,0,261,405,158,437,203,59,21,4.15,7419,1991,214,10,.219,1.27,.38,.309,2.6,7.7,3.0,8.4,1.1,15.8,16.0,214,1.7,0.0,4.13,5.1,6.2,0.7,8.6
Jettison,Estrada,,28,RP,45,25,3.93,352,0,483.0,0,0,26,416,138,473,211,63,11,4.00,7405,2019,224,3,.234,1.27,.64,.308,3.0,7.8,2.6,8.8,1.2,15.3,21.0,267,-0.7,0.0,4.96,-5.4,-4.0,-0.3,8.7
Camilla,Robertson,5,37,SP,21,40,5.01,99,99,462.0,5,0,0,344,157,517,257,68,17,4.65,7403,S10,275,4,.255,1.46,.34,.340,2.2,6.7,3.1,10.1,1.3,16.0,74.8,275,1.8,-0.1,5.39,-38.7,-38.7,-3.9,4.6
Broderick,Dacus,,29,RP,50,29,3.69,375,0,465.2,0,0,7,396,157,452,191,57,21,4.14,7370,1998,207,6,.226,1.31,.63,.315,2.5,7.7,3.0,8.7,1.1,15.8,19.7,225,0.2,0.0,4.35,29.4,29.0,2.9,11.6
Teresa,Rivers,12,39,RP,53,22,3.64,369,0,470.0,0,0,35,406,161,463,190,48,16,3.83,7362,1991,211,6,.233,1.33,.71,.321,2.5,7.8,3.1,8.9,0.9,15.7,20.0,211,-3.5,0.0,3.97,20.4,21.4,2.2,10.3
Nora,Hines,5,38,SP,29,36,4.22,96,96,482.1,9,3,0,307,156,479,226,48,20,4.22,7357,2069,238,0,.232,1.32,.45,.317,2.0,5.7,2.9,8.9,0.9,15.3,76.6,238,-1.3,0.0,4.42,16.8,16.8,1.7,10.5
Froyo,Wagons,,25,SP,26,33,4.06,99,99,465.2,10,5,0,359,187,459,210,42,23,4.08,7340,2011,227,7,.228,1.39,.44,.333,1.9,6.9,3.6,8.9,0.8,15.8,74.1,268,-2.4,0.0,5.13,24.0,24.0,2.4,13.1
Teeny,Extreme,,33,CL,37,57,3.94,452,0,474.2,0,0,230,438,158,444,208,44,18,3.57,7336,2002,212,3,.222,1.27,.39,.310,2.8,8.3,3.0,8.4,0.8,15.5,16.2,216,-0.1,0.0,4.09,21.6,23.7,2.4,10.7
Jefferson,Tate,5,37,SP,31,35,4.53,100,100,452.2,5,2,0,353,180,471,228,55,28,4.50,7308,2004,243,3,.235,1.44,.47,.339,2.0,7.0,3.6,9.4,1.1,16.1,73.1,243,2.6,0.0,4.88,-11.4,-11.4,-1.2,7.1
Sawyer,Humphrey,7,42,SP/RP,50,21,3.27,255,42,487.1,0,0,2,436,118,466,177,53,18,3.56,7284,S13,193,1,.229,1.20,.70,.296,3.7,8.1,2.2,8.6,1.0,14.9,28.6,193,1.0,0.0,3.58,37.0,36.3,3.7,12.4
Dark,Woolmate,5,38,SP,14,45,5.13,100,100,452.1,5,2,0,295,158,497,258,73,16,5.05,7266,2000,277,4,.249,1.45,.24,.336,1.9,5.9,3.1,9.9,1.5,16.1,72.7,277,0.5,-0.1,5.52,-43.5,-43.5,-4.3,3.9
Fivespice,Brie,11,40,RP,53,27,4.61,359,0,454.2,0,0,26,328,179,491,233,58,19,4.62,7249,2005,243,5,.245,1.47,.66,.344,1.8,6.5,3.5,9.7,1.1,15.9,20.2,243,1.1,0.0,4.83,-20.6,-20.5,-2.1,5.8
Meshal,Al-Qadir,,27,RP,51,30,4.08,343,0,460.2,0,0,23,390,157,458,209,50,17,3.95,7243,1978,218,5,.232,1.34,.63,.320,2.5,7.6,3.1,8.9,1.0,15.7,21.1,227,1.0,0.0,4.45,15.6,17.2,1.8,9.8
Datsun,Traveller,,30,SP/RP,33,31,4.52,255,15,420.0,0,0,16,365,158,475,211,70,13,4.75,7229,1879,222,4,.253,1.51,.52,.344,2.3,7.8,3.4,10.2,1.5,17.2,28.3,251,0.7,0.0,5.39,-10.5,-10.9,-1.1,7.6
Jamir,Bonventre,5,37,SP,24,36,4.09,97,96,468.1,6,2,0,354,152,459,213,61,17,4.36,7203,2006,231,4,.229,1.30,.40,.313,2.3,6.8,2.9,8.8,1.2,15.4,74.3,231,0.2,0.0,4.44,12.5,12.5,1.2,9.8
Banjo,Gates,5,38,SP,27,34,4.33,96,96,465.2,5,2,0,366,137,494,224,59,9,4.12,7198,2005,231,3,.246,1.36,.44,.319,2.7,7.1,2.6,9.5,1.1,15.5,75.0,231,-0.6,0.0,4.45,9.7,9.7,1.0,9.5
January,Travis,,35,SP,22,37,5.58,138,138,427.1,2,0,0,328,198,476,265,58,23,4.88,7184,1951,286,7,.244,1.58,.37,.357,1.7,6.9,4.2,10.0,1.2,16.8,52.1,323,1.7,0.0,6.84,-65.4,-65.4,-6.7,2.8
Jerome,Presidente,6,39,SP,16,36,4.27,105,104,446.1,2,1,0,388,144,435,212,52,26,4.02,7142,1918,223,4,.227,1.30,.31,.315,2.7,7.8,2.9,8.8,1.0,16.0,68.0,223,1.3,0.0,4.52,12.5,12.5,1.2,9.4
Beatee,Sventwo,,28,RP,43,29,3.98,335,0,441.0,0,0,24,441,173,412,195,45,20,3.74,7076,1895,216,7,.217,1.33,.60,.319,2.5,9.0,3.5,8.4,0.9,16.0,21.1,237,-0.4,0.0,4.83,13.3,13.2,1.3,9.8
Bronson,Swanson,,29,RP,50,31,4.28,345,0,422.1,0,0,20,362,177,421,201,39,18,3.97,7058,1858,212,8,.227,1.42,.62,.332,2.0,7.7,3.8,9.0,0.8,16.7,20.5,200,-0.6,0.0,4.25,-0.8,-0.5,-0.1,6.7
Josephine,Engels,,24,SP,28,39,3.94,93,93,458.2,6,4,0,387,158,423,201,44,17,3.80,7008,1929,217,3,.219,1.27,.42,.310,2.4,7.6,3.1,8.3,0.9,15.3,75.4,256,2.7,0.0,5.08,31.0,31.0,3.1,13.8
August,Cordova,5,41,SP,20,34,4.93,97,96,432.2,3,1,0,354,164,471,237,73,11,4.87,6991,1903,250,4,.248,1.47,.37,.339,2.2,7.4,3.4,9.8,1.5,16.2,72.1,250,-7.1,0.0,5.05,-11.7,-11.7,-1.2,6.7
Crosby,Beefy,9,45,SP/RP,18,36,4.52,180,90,434.0,0,0,3,264,156,495,218,50,21,4.60,6960,1932,237,2,.256,1.50,.33,.348,1.7,5.5,3.2,10.3,1.0,16.0,38.7,237,-0.5,0.0,4.90,-25.6,-25.7,-2.6,5.2
Leon,Esparza,9,42,RP,54,21,3.60,343,0,437.1,0,0,17,359,141,441,175,60,17,4.33,6907,1877,190,5,.235,1.33,.72,.319,2.5,7.4,2.9,9.1,1.2,15.8,20.1,190,-3.4,0.0,3.84,24.8,24.5,2.5,10.1
Anya,Heaps,5,37,SP,21,38,4.78,99,98,434.2,4,2,0,287,155,450,231,66,23,4.98,6876,1902,246,4,.237,1.39,.36,.330,1.9,5.9,3.2,9.3,1.4,15.8,69.5,246,1.5,0.0,5.13,-17.8,-17.8,-1.8,6.1
Filament,Torres,9,39,RP,54,21,3.77,323,0,434.1,0,0,9,369,152,405,182,62,8,4.36,6852,1828,202,8,.222,1.28,.72,.309,2.4,7.6,3.1,8.4,1.3,15.8,21.2,202,0.7,0.0,4.20,5.9,5.8,0.6,8.1
Ana,Spelunky,,28,SP,27,21,4.24,95,94,429.0,2,0,0,465,140,421,202,59,11,3.78,6852,1795,209,3,.235,1.31,.56,.319,3.3,9.8,2.9,8.8,1.2,16.0,72.1,248,-5.3,0.0,5.09,22.0,22.0,2.2,11.9
Callum,Von Krumm,,28,RP,78,21,3.09,304,0,474.0,0,0,26,487,84,445,163,56,4,3.14,6751,1883,165,0,.236,1.12,.79,.283,5.8,9.2,1.6,8.4,1.1,14.2,22.2,183,-3.7,0.0,3.40,75.9,77.3,7.8,16.6
Francesca,Andrews,,35,RP,48,22,4.39,345,0,416.1,0,0,7,329,183,421,203,58,18,4.78,6727,1829,212,3,.230,1.45,.69,.340,1.8,7.1,4.0,9.1,1.3,16.2,19.5,236,0.9,0.0,5.12,-20.7,-21.4,-2.2,5.4
Pierre,Depraetere,,24,SP,23,43,4.42,100,100,425.2,6,2,0,371,147,431,209,70,11,4.61,6606,1836,225,4,.235,1.36,.35,.321,2.5,7.8,3.1,9.1,1.5,15.5,66.1,262,0.6,0.0,5.55,12.6,12.6,1.2,10.8
Tiddly,Merritt,8,42,SP/RP,45,23,4.23,291,6,412.2,0,0,10,326,156,421,194,47,14,4.24,6598,1792,211,5,.235,1.40,.66,.330,2.1,7.1,3.4,9.2,1.0,16.0,22.7,211,1.3,0.0,4.63,-15.7,-15.6,-1.6,5.7
Robo,Simon,11,43,RP,45,23,4.65,364,0,416.1,0,0,29,290,155,451,215,53,19,4.62,6590,1810,228,3,.249,1.46,.66,.345,1.9,6.3,3.4,9.7,1.1,15.8,18.1,228,-0.3,0.0,4.92,-24.2,-24.0,-2.5,4.7
Kayson,Sandoval,,37,RP,44,31,5.07,331,0,386.2,0,0,15,284,188,434,218,64,16,5.37,6585,1765,238,8,.246,1.61,.59,.361,1.5,6.6,4.4,10.1,1.5,17.0,19.9,265,0.6,0.0,6.18,-51.4,-51.4,-5.2,2.0
Nathaniel,Porter,,29,RP,47,21,4.92,313,0,393.1,0,0,15,248,193,446,215,50,19,5.11,6570,1785,228,5,.250,1.62,.69,.369,1.3,5.7,4.4,10.2,1.1,16.7,21.0,243,1.0,0.0,5.58,-36.9,-37.3,-3.8,3.4
Dezzy,Yakobson,,27,RP,34,19,4.00,336,0,404.2,0,0,7,399,166,392,180,52,16,4.15,6509,1753,191,3,.224,1.38,.64,.327,2.4,8.9,3.7,8.7,1.2,16.1,19.4,214,2.3,0.0,4.81,6.3,6.3,0.6,8.2
Mizz,Frizzle,,23,SP,29,24,3.73,82,82,431.1,8,4,0,386,137,393,179,48,13,3.80,6506,1806,192,6,.218,1.23,.55,.301,2.8,8.1,2.9,8.2,1.0,15.1,79.3,235,-2.3,0.1,4.86,36.4,36.4,3.6,13.5
Milan,Le,,28,RP,44,20,3.72,317,0,409.1,0,0,20,323,133,403,169,57,14,4.41,6419,1739,178,7,.232,1.31,.69,.316,2.4,7.1,2.9,8.9,1.3,15.7,20.2,190,1.9,0.0,4.22,32.8,33.8,3.4,11.0
Giancarlo,St. Lucia,,23,SP,25,27,4.08,82,82,410.2,4,1,0,343,147,380,186,39,17,3.86,6369,1740,194,5,.218,1.28,.48,.313,2.3,7.5,3.2,8.3,0.9,15.5,77.7,238,-0.6,0.1,5.20,9.0,9.0,0.9,10.5
Jagan,Kade,,28,RP,47,16,4.01,327,0,403.2,0,0,16,311,145,414,180,46,17,4.24,6351,1738,195,6,.238,1.38,.75,.331,2.1,6.9,3.2,9.2,1.0,15.7,19.4,212,-0.4,0.0,4.72,10.8,11.4,1.1,8.8
Enokida,Takahiro,,23,SP,27,21,3.82,81,81,412.2,9,4,0,351,139,379,175,49,15,4.06,6307,1749,191,3,.217,1.26,.56,.305,2.5,7.7,3.0,8.3,1.1,15.3,77.9,240,-1.5,0.1,5.20,25.0,25.0,2.5,11.9
Pancake,Griddles,,33,SP/RP,38,18,3.19,219,19,406.2,0,0,15,390,140,350,144,43,17,3.71,6274,1688,153,3,.207,1.20,.68,.300,2.8,8.6,3.1,7.7,1.0,15.4,28.6,188,1.3,0.0,4.19,43.5,46.3,4.7,13.1
Chum,Sudabuda,,29,RP,48,26,4.09,301,0,387.1,0,0,11,341,161,360,176,47,12,4.26,6272,1656,183,5,.217,1.35,.65,.322,2.1,7.9,3.7,8.4,1.1,16.2,20.8,209,0.0,0.0,4.86,-0.7,-0.5,0.0,7.2
Spindelle,Hampton,,30,CL,33,41,4.17,363,0,401.0,0,0,191,309,149,408,186,40,14,4.08,6271,1734,193,4,.235,1.39,.45,.329,2.1,6.9,3.3,9.2,0.9,15.6,17.3,203,-0.5,0.0,4.54,6.8,7.1,0.7,7.8
Manuel,Norman,8,41,RP,40,23,3.82,315,0,409.2,0,0,16,334,115,408,174,39,18,3.68,6270,1728,192,8,.236,1.28,.63,.313,2.9,7.3,2.5,9.0,0.9,15.3,19.9,192,0.1,0.0,4.22,5.0,4.5,0.4,7.6
Rafa,California,,27,RP,52,26,3.36,295,0,409.1,0,0,19,424,131,359,153,31,15,3.08,6270,1699,157,3,.211,1.20,.67,.297,3.2,9.3,2.9,7.9,0.7,15.3,21.3,178,1.1,0.0,3.94,43.4,44.6,4.5,12.1
Bryan,Brewer,11,41,RP,45,20,3.77,357,0,391.1,0,0,11,292,164,360,164,50,24,4.71,6258,1691,175,7,.213,1.34,.69,.324,1.8,6.7,3.8,8.3,1.1,16.0,17.5,175,1.7,0.0,4.06,11.4,10.9,1.1,7.9
Hank,Kennedy,,23,SP,23,30,4.34,81,81,396.0,7,4,0,295,141,392,191,54,11,4.53,6243,1699,197,3,.231,1.35,.43,.320,2.1,6.7,3.2,8.9,1.2,15.8,77.1,240,4.0,0.1,5.54,6.3,6.3,0.6,9.7
Bangarang,Orangutan,,24,SP,21,31,4.93,80,80,390.2,3,1,0,365,126,432,214,48,16,3.92,6226,1712,216,3,.252,1.43,.40,.335,2.9,8.4,2.9,10.0,1.1,15.9,77.8,246,-0.2,0.1,5.66,-1.0,-1.0,-0.1,9.1
Evangeline,Arceus,10,41,RP,42,16,4.50,312,0,388.1,0,0,15,297,170,403,194,42,18,4.43,6193,1709,201,9,.236,1.48,.72,.346,1.7,6.9,3.9,9.3,1.0,15.9,19.8,201,0.6,0.0,4.67,-14.8,-14.8,-1.5,5.2
Pow,Shaw,,27,RP,45,19,3.85,304,0,387.2,0,0,8,355,151,377,166,55,19,4.43,6173,1669,177,7,.226,1.36,.70,.328,2.4,8.2,3.5,8.8,1.3,15.9,20.3,196,0.6,0.0,4.56,17.2,16.9,1.7,8.9
Wagwan,Mumsy,,23,SP,27,24,3.90,81,81,389.2,6,4,0,370,109,370,169,43,15,3.59,6151,1646,176,3,.225,1.23,.53,.300,3.4,8.5,2.5,8.5,1.0,15.8,75.9,224,2.4,0.1,5.23,26.3,26.3,2.7,11.8
Blade,Roquefort,8,36,RP,44,13,4.02,302,0,385.0,0,0,18,321,125,406,172,57,15,4.45,6127,1670,185,5,.243,1.38,.77,.327,2.6,7.5,2.9,9.5,1.3,15.9,20.3,185,-0.6,0.0,4.31,-0.7,0.0,0.0,6.7
Zane,Erickson,6,33,RP,45,23,3.35,303,0,392.2,0,0,17,385,112,353,146,33,10,3.16,6031,1625,156,2,.217,1.18,.66,.292,3.4,8.8,2.6,8.1,0.8,15.4,19.9,156,-1.5,0.0,3.54,40.6,40.7,4.1,11.0
Kamari,Koch,,24,SP,21,35,4.42,81,81,386.2,9,3,0,262,127,401,190,39,16,4.17,6016,1677,211,6,.239,1.37,.38,.324,2.1,6.1,3.0,9.3,0.9,15.6,74.3,262,0.4,0.1,6.11,-19.4,-19.4,-2.0,6.9
Abel,Conner,14,40,RP,45,30,4.79,291,0,377.1,0,0,11,279,152,414,201,54,19,4.84,5988,1678,208,2,.247,1.50,.60,.349,1.8,6.7,3.6,9.9,1.3,15.9,20.6,208,-0.9,0.0,4.94,-27.6,-27.7,-2.8,3.6
Cork,Veinman,19,39,RP,47,18,3.85,461,0,380.2,0,0,12,231,145,399,163,43,17,4.63,5987,1661,177,4,.240,1.43,.72,.338,1.6,5.5,3.4,9.4,1.0,15.7,13.0,177,0.5,0.0,4.20,7.1,7.0,0.7,7.1
Santiago,Tattersall,5,37,SP,15,31,4.16,98,98,369.2,1,0,0,304,162,334,171,43,15,4.40,5974,1591,180,6,.210,1.34,.33,.321,1.9,7.4,3.9,8.1,1.0,16.2,61.0,180,3.0,0.0,4.46,14.3,14.3,1.4,8.2
Lilly,Woods,8,39,RP,41,20,3.81,293,0,368.1,0,0,12,247,124,362,156,36,17,4.18,5879,1591,175,2,.228,1.32,.67,.316,2.0,6.0,3.0,8.8,0.9,16.0,20.1,175,0.1,0.0,4.28,3.5,3.8,0.4,6.8
Crosby,Burgess,4,40,SP,25,31,4.02,80,80,380.2,5,2,0,310,131,361,170,38,15,3.92,5865,1622,175,6,.223,1.29,.45,.313,2.4,7.3,3.1,8.5,0.9,15.4,73.3,175,2.1,0.0,4.19,21.0,21.0,2.1,9.1
Shep,Barnswell,12,40,CL,26,45,5.08,354,0,356.1,0,0,180,267,151,380,201,53,13,4.92,5834,1583,219,1,.240,1.49,.37,.344,1.8,6.7,3.8,9.6,1.3,16.4,16.5,219,-0.4,0.0,5.52,-46.0,-45.8,-4.7,1.5
Gunther,Peacock,10,43,RP,33,18,5.02,321,0,356.2,0,0,2,228,164,397,199,58,9,5.39,5780,1610,207,9,.247,1.57,.65,.354,1.4,5.8,4.1,10.0,1.5,16.2,18.0,207,0.8,0.0,5.24,-35.4,-35.6,-3.6,2.6
Yern,Dervish,,38,RP,47,24,3.79,258,0,358.1,0,0,21,293,126,376,151,38,9,3.97,5769,1567,170,0,.240,1.40,.66,.326,2.3,7.4,3.2,9.4,1.0,16.1,22.4,183,-0.7,0.0,4.58,4.5,5.6,0.6,6.9
Abram,Lovebright,,26,RP,46,14,3.84,302,0,360.2,0,0,11,309,132,353,154,51,13,4.43,5729,1548,167,5,.228,1.34,.77,.322,2.3,7.7,3.3,8.8,1.3,15.9,19.0,178,-2.0,0.0,4.39,25.1,24.1,2.4,9.4
Vihaan,Fair,18,36,CL,21,34,4.19,356,0,362.2,0,0,188,324,123,364,169,43,15,4.00,5719,1559,176,4,.233,1.34,.38,.322,2.6,8.0,3.1,9.0,1.1,15.8,16.1,176,-0.1,0.0,4.37,-2.4,-2.6,-0.3,5.8
Scooby,Blackburn,,29,RP,34,18,3.84,278,0,351.1,0,0,14,327,133,331,150,38,11,3.87,5658,1500,162,2,.221,1.32,.65,.317,2.5,8.4,3.4,8.5,1.0,16.1,20.4,181,-0.8,0.0,4.62,25.4,26.5,2.6,9.6
Callum,Cain,12,40,CL,26,47,4.33,351,0,357.2,0,0,178,318,115,374,172,45,8,3.99,5643,1542,185,4,.243,1.37,.36,.322,2.8,8.0,2.9,9.4,1.1,15.8,16.1,185,1.1,0.0,4.68,-13.8,-13.3,-1.4,4.8
Nylon,Feathers,,31,RP,48,15,2.82,310,0,364.1,0,0,6,294,120,316,114,31,21,3.75,5590,1502,123,8,.210,1.20,.76,.304,2.5,7.3,3.0,7.8,0.8,15.3,18.0,135,1.9,0.0,3.38,60.3,59.7,6.0,12.9
Hadassah,Quinto,10,42,RP,30,21,5.01,268,0,339.1,0,0,11,228,143,364,189,52,15,5.15,5555,1511,199,5,.241,1.49,.59,.345,1.6,6.0,3.8,9.7,1.4,16.4,20.7,199,0.6,0.0,5.29,-36.5,-36.8,-3.8,2.1
Stee,Rike,,26,RP,29,31,4.22,282,0,347.1,0,0,19,255,119,376,163,43,23,4.47,5546,1530,180,4,.246,1.43,.48,.339,2.1,6.6,3.1,9.7,1.1,16.0,19.7,198,-0.8,0.0,5.11,-5.4,-5.0,-0.5,6.1
Jacinto,Baptista,,24,SP/RP,3,30,4.56,121,80,353.2,0,0,6,307,100,340,179,43,11,3.89,5532,1494,191,5,.228,1.24,.09,.302,3.1,7.8,2.5,8.7,1.1,15.6,45.7,227,0.8,0.0,5.80,-17.6,-17.9,-1.8,5.7
Star,Wise,,37,CL,11,35,4.97,320,0,315.1,0,0,180,208,162,364,174,36,12,4.92,5474,1450,185,1,.251,1.67,.24,.371,1.3,5.9,4.6,10.4,1.0,17.4,17.1,191,1.2,0.0,5.49,-36.1,-34.8,-3.5,1.9
Tatum,Holmes,10,37,CL,24,42,4.32,338,0,337.1,0,0,178,269,105,356,162,39,11,4.04,5446,1468,181,5,.243,1.37,.36,.322,2.6,7.2,2.8,9.5,1.0,16.1,16.1,181,-0.3,0.0,4.82,-21.3,-20.4,-2.1,3.7
Cais,Tien,,30,RP,33,29,4.79,278,0,336.2,0,0,10,260,130,344,179,56,14,5.00,5410,1478,183,2,.233,1.41,.53,.330,2.0,7.0,3.5,9.2,1.5,16.1,19.5,202,-0.2,0.0,5.39,-17.0,-17.4,-1.8,4.6
Gonk,Choom,,26,SP/RP,23,25,4.27,137,66,345.2,0,0,1,274,108,354,164,49,12,4.40,5379,1479,172,3,.239,1.34,.48,.320,2.5,7.1,2.8,9.2,1.3,15.6,39.3,202,1.5,0.0,5.30,6.8,6.4,0.7,8.0
Luka,Oldy,6,33,RP,33,17,3.69,265,0,351.0,0,0,17,309,118,307,144,41,20,4.04,5369,1470,152,1,.209,1.21,.66,.303,2.6,7.9,3.0,7.9,1.1,15.3,20.3,152,1.2,0.0,3.93,16.8,16.9,1.7,7.8
Yaya,Souba,,32,SP/RP,37,19,4.88,181,33,344.2,0,0,13,248,100,384,187,55,6,4.66,5349,1485,190,4,.259,1.40,.66,.330,2.5,6.5,2.6,10.0,1.4,15.5,29.6,226,-0.3,0.0,5.89,-28.5,-28.5,-2.9,4.2
Skunk,Bandana,,24,SP,23,18,4.53,79,79,349.2,2,0,0,334,94,389,176,57,2,4.13,5343,1467,182,2,.265,1.38,.56,.331,3.6,8.6,2.4,10.0,1.5,15.3,67.6,222,-4.9,0.1,5.59,7.1,7.1,0.7,8.9
Chip,Foley,11,42,CL,20,35,3.89,333,0,340.0,0,0,194,325,104,310,147,36,19,3.65,5310,1432,151,4,.216,1.22,.36,.302,3.1,8.6,2.8,8.2,1.0,15.6,15.9,151,0.3,0.0,4.01,8.7,10.6,1.1,6.9
Paille,Donovan,12,40,CL,17,43,5.88,303,0,307.2,0,0,155,235,143,368,201,58,12,5.53,5257,1424,210,1,.258,1.66,.28,.367,1.6,6.9,4.2,10.8,1.7,17.1,17.3,210,0.4,0.0,6.15,-63.2,-63.4,-6.4,-1.1
Omar,Cox,4,35,SP,17,25,4.07,71,71,340.1,3,1,0,262,106,333,154,37,18,4.07,5229,1450,160,3,.230,1.29,.40,.315,2.5,6.9,2.8,8.8,1.0,15.4,73.6,160,0.3,0.0,4.24,21.3,21.3,2.1,8.4
Anika,Montes,12,40,RP,39,19,5.67,262,0,290.2,0,0,11,165,166,366,183,39,20,5.63,5140,1392,191,4,.263,1.83,.67,.397,1.0,5.1,5.1,11.3,1.2,17.7,19.6,191,-1.4,0.0,5.87,-47.8,-48.0,-4.8,0.1
Royal,Tea,17,39,RP,23,21,4.45,261,0,307.1,0,0,4,200,123,357,152,37,14,4.70,5121,1392,180,3,.256,1.56,.52,.355,1.6,5.9,3.6,10.5,1.1,16.7,19.6,180,-1.1,0.0,5.24,-33.1,-33.3,-3.4,1.7
Snak,Morrison,10,39,RP,30,19,4.42,249,0,313.2,0,0,24,238,159,319,154,30,14,4.48,5120,1399,166,2,.228,1.52,.61,.352,1.5,6.8,4.6,9.2,0.9,16.3,20.6,166,-0.2,0.0,4.76,-15.1,-14.8,-1.5,3.9
Magnus,Bale,,27,RP,37,15,3.91,247,0,315.2,0,0,13,253,136,292,137,34,13,4.31,5099,1370,151,4,.213,1.36,.71,.322,1.9,7.2,3.9,8.3,1.0,16.2,20.6,164,1.0,0.0,4.70,5.4,5.6,0.6,6.4
Skuuter,Cooley,,35,RP,36,23,5.39,251,0,308.2,0,0,5,188,118,379,185,45,12,5.04,5083,1396,204,0,.271,1.61,.61,.365,1.6,5.5,3.4,11.1,1.3,16.5,20.3,213,-0.6,0.0,6.19,-60.1,-60.1,-6.1,-0.8
Dirt,Claude,,28,RP,42,23,3.66,245,0,315.0,0,0,10,261,102,324,128,42,14,4.28,4901,1366,137,3,.237,1.35,.65,.322,2.6,7.5,2.9,9.3,1.2,15.6,20.0,167,0.6,0.0,4.79,10.6,10.9,1.1,7.1
Alia,Fields,,32,CL,25,30,3.00,277,0,303.0,0,0,138,297,117,255,101,24,15,3.48,4835,1276,108,0,.200,1.23,.45,.303,2.5,8.8,3.5,7.6,0.7,16.0,17.5,115,1.2,0.0,3.45,38.0,38.6,3.9,9.2
Bradley,Weebee,,33,RP,33,16,3.66,252,0,297.1,0,0,7,213,109,310,121,23,16,3.93,4805,1306,139,4,.237,1.41,.67,.333,2.0,6.4,3.3,9.4,0.7,16.2,19.1,169,-0.5,0.0,5.10,0.0,-0.4,-0.1,5.7
Tokko,Ji-Min,,25,SP,17,19,3.81,60,60,302.0,4,1,0,241,104,285,128,29,14,3.92,4712,1278,133,4,.223,1.29,.47,.315,2.3,7.2,3.1,8.5,0.9,15.6,78.5,178,0.8,0.1,5.33,23.4,23.4,2.4,9.6
Xander,Jordan,,27,SP,14,24,4.23,61,61,296.0,4,3,0,246,97,295,139,33,7,3.94,4691,1273,144,1,.232,1.32,.37,.313,2.5,7.5,2.9,9.0,1.0,15.8,76.9,167,0.6,0.1,5.09,31.8,31.8,3.2,10.7
Annie,Flicks,,39,CL,25,26,4.70,278,0,285.1,0,0,132,231,124,294,149,38,8,4.60,4643,1256,161,3,.234,1.46,.49,.339,1.9,7.3,3.9,9.3,1.2,16.3,16.7,175,-0.1,0.0,5.52,-21.7,-21.8,-2.2,3.1
Theo,Brownpole,4,37,SP,14,28,5.71,65,65,282.1,5,2,0,206,97,353,179,36,13,4.47,4616,1292,190,3,.273,1.59,.33,.358,2.1,6.6,3.1,11.3,1.1,16.3,71.0,190,-2.9,0.0,5.96,-42.8,-42.8,-4.3,0.9
Samara,Mays,8,39,RP,18,16,4.61,219,0,275.1,0,0,13,193,115,312,141,37,10,4.81,4583,1243,150,4,.251,1.55,.53,.352,1.7,6.3,3.8,10.2,1.2,16.6,20.9,150,-0.3,0.0,4.89,-17.7,-17.5,-1.8,3.0
Odin,Combs,3,40,SP,12,26,5.00,61,61,273.2,1,0,0,230,95,329,152,36,11,4.29,4555,1238,159,5,.266,1.55,.32,.351,2.4,7.6,3.1,10.8,1.2,16.6,74.7,159,-3.1,0.0,5.13,-11.4,-11.4,-1.1,3.9
Makantor,Warbeast,,29,CL,19,31,3.70,272,0,286.2,0,0,134,227,89,292,118,27,10,3.78,4525,1231,127,0,.237,1.33,.38,.318,2.6,7.1,2.8,9.2,0.8,15.8,16.6,144,-0.7,0.0,4.50,11.0,11.3,1.1,6.5
Tony,Delvecchio,,22,SP,21,20,3.78,60,60,280.2,5,2,0,240,112,267,118,31,17,4.20,4513,1219,132,3,.219,1.35,.51,.325,2.1,7.7,3.6,8.6,1.0,16.1,75.2,180,1.1,0.1,5.81,3.3,3.3,0.3,7.2
Angelo,Boulevard,,22,SP,16,25,3.68,59,59,288.1,6,2,0,233,78,268,118,30,10,3.75,4512,1196,129,3,.224,1.20,.39,.298,3.0,7.3,2.4,8.4,0.9,15.6,76.5,169,1.9,0.1,5.33,27.4,27.4,2.8,10.1
Fay,Dingaway,,33,SP,13,23,4.34,60,60,276.0,4,1,0,238,110,284,133,36,9,4.36,4497,1204,137,5,.236,1.43,.36,.335,2.2,7.8,3.6,9.3,1.2,16.3,75.0,196,0.0,0.1,6.39,-0.4,-0.4,0.0,6.8
Tony,Dalton,5,39,SP/RP,8,14,4.80,121,51,273.2,0,0,2,188,95,300,146,44,11,4.98,4471,1198,150,0,.250,1.44,.36,.339,2.0,6.2,3.1,9.9,1.4,16.3,37.0,150,0.9,0.0,4.96,-15.0,-15.2,-1.6,3.3
Vincent,Buhr,,28,SP,17,16,4.34,60,60,284.1,4,2,0,208,98,299,137,41,13,4.68,4458,1242,146,1,.241,1.40,.52,.330,2.1,6.6,3.1,9.5,1.3,15.7,74.3,202,-0.1,0.1,6.39,-11.0,-11.0,-1.1,5.8
Olga,Uberschneizen,,26,RP,24,13,3.42,229,0,279.1,0,0,6,230,96,256,106,26,10,3.80,4433,1181,112,6,.217,1.26,.65,.307,2.4,7.4,3.1,8.2,0.8,15.9,19.4,150,1.1,0.0,4.87,14.0,13.7,1.4,6.9
Tobias,Mena,15,41,RP,32,19,4.21,216,0,280.0,0,0,5,229,87,304,131,38,7,4.24,4429,1219,140,2,.249,1.40,.63,.326,2.6,7.4,2.8,9.8,1.2,15.8,20.5,140,0.4,0.0,4.51,-4.5,-4.3,-0.4,4.2
Wax,Poetic,,31,RP,28,11,4.53,213,0,262.1,0,0,5,212,98,303,132,41,8,4.73,4415,1177,142,4,.257,1.53,.72,.347,2.2,7.3,3.4,10.4,1.4,16.8,20.7,162,-0.4,0.0,5.55,-11.2,-10.7,-1.1,4.1
Beefly,Navarro,,24,SP,13,26,4.86,62,60,276.0,3,0,0,207,93,300,149,33,11,4.28,4407,1198,154,1,.250,1.42,.33,.337,2.2,6.8,3.0,9.8,1.1,16.0,71.1,199,-1.5,0.1,6.44,-13.7,-13.7,-1.4,5.5
Chestly,Beard,,25,RP,34,13,3.99,218,0,282.0,0,0,29,280,88,277,125,44,5,4.13,4394,1179,127,4,.235,1.29,.72,.314,3.2,8.9,2.8,8.8,1.4,15.6,20.2,153,-2.5,0.0,4.80,14.8,17.0,1.7,7.3
Ryker,Vaughan,,22,SP,16,23,4.76,60,60,266.1,4,2,0,245,86,290,141,43,13,4.47,4393,1174,159,3,.247,1.41,.41,.331,2.8,8.3,2.9,9.8,1.5,16.5,73.2,209,-2.4,0.1,6.98,-24.6,-24.6,-2.5,4.4
Kian,Cochise,,28,RP,47,13,3.29,200,0,298.1,0,0,16,281,78,245,109,35,10,3.63,4390,1201,116,4,.204,1.08,.78,.277,3.6,8.5,2.4,7.4,1.1,14.7,22.0,150,0.9,0.0,4.55,17.4,18.1,1.8,7.5
Rex,Allen,8,38,RP,29,18,5.24,234,0,275.0,0,0,1,189,107,311,160,44,7,5.05,4389,1235,176,6,.252,1.52,.62,.344,1.8,6.2,3.5,10.2,1.4,16.0,18.8,176,0.6,0.0,5.78,-41.6,-41.7,-4.2,0.6
Pipe,Baum,,25,SP,11,22,4.55,59,59,267.0,2,1,0,204,126,261,135,37,10,4.90,4348,1180,148,1,.221,1.45,.33,.336,1.6,6.9,4.2,8.8,1.2,16.3,73.7,195,1.6,0.1,6.63,-14.5,-14.5,-1.5,5.4
Shaebrook,Whippersnap,,37,RP,33,16,3.90,209,0,269.2,0,0,4,242,82,290,117,31,11,3.83,4319,1165,127,3,.249,1.38,.67,.329,3.0,8.1,2.7,9.7,1.0,16.0,20.7,157,-0.1,0.0,5.24,0.8,0.6,0.1,5.4
Guido,Sanducci,5,34,RP,22,15,4.53,214,0,270.1,0,0,5,208,84,282,136,40,7,4.49,4227,1165,142,1,.242,1.35,.59,.320,2.5,6.9,2.8,9.4,1.3,15.6,19.8,142,-1.2,0.0,4.69,-11.1,-11.4,-1.2,3.5
Takuma,Hatakame,,22,SP,16,26,5.29,60,60,267.0,4,4,0,195,92,301,157,37,15,4.64,4220,1181,174,3,.255,1.47,.38,.345,2.1,6.6,3.1,10.1,1.2,15.8,70.3,235,-2.0,0.1,7.85,-55.6,-55.6,-5.6,0.9
Reef,Triggerfish,,22,SP,10,20,4.70,60,60,276.0,6,4,0,165,95,300,144,39,18,4.97,4218,1205,149,2,.249,1.43,.33,.343,1.7,5.4,3.1,9.8,1.3,15.3,70.3,209,-1.2,0.1,6.78,-40.1,-40.1,-4.1,2.5
Gerty,Hammerhead,5,38,SP,12,24,5.85,61,60,253.2,1,0,0,173,95,308,165,39,11,4.99,4194,1164,177,3,.265,1.59,.33,.356,1.8,6.1,3.4,10.9,1.4,16.5,68.8,177,1.2,0.0,6.32,-46.2,-46.2,-4.7,-0.1
Freddy,Fazballs,16,32,CL,26,27,3.89,252,0,266.1,0,0,124,195,74,283,115,34,8,4.22,4111,1123,122,2,.252,1.34,.49,.325,2.6,6.6,2.5,9.6,1.1,15.4,16.3,103,-0.2,0.0,3.47,6.1,5.8,0.6,4.4
Leonard,Burke,8,41,CL,19,33,4.49,256,0,260.2,0,0,142,224,76,254,130,35,11,4.13,4105,1107,135,7,.229,1.27,.37,.308,2.9,7.7,2.6,8.8,1.2,15.7,16.0,135,-0.4,0.0,4.65,-9.6,-8.9,-0.9,3.7
Tristan,Wade,9,37,SP,17,20,4.43,59,59,253.2,6,2,0,148,118,269,125,33,15,5.20,4071,1120,126,5,.240,1.53,.46,.359,1.3,5.3,4.2,9.5,1.2,16.0,69.0,126,-0.9,0.0,4.44,-1.7,-1.7,-0.2,4.5
Payton,Burton,9,39,CL,9,22,3.46,242,0,260.0,0,0,144,210,93,233,100,22,9,3.76,4046,1086,111,3,.215,1.25,.29,.308,2.3,7.3,3.2,8.1,0.8,15.6,16.7,111,0.3,0.0,3.85,13.7,15.5,1.6,6.1
Yenenesh,Henoke,,28,RP,18,11,4.94,185,0,249.2,0,0,5,184,114,242,137,37,20,5.16,3995,1084,145,4,.223,1.43,.62,.347,1.6,6.6,4.1,8.7,1.3,16.0,21.6,175,0.3,0.0,6.32,-26.1,-26.3,-2.6,2.4
Meregrin,Brandytook,,27,SP,15,10,3.24,52,52,261.1,4,0,0,229,82,223,94,19,5,3.29,3975,1078,98,2,.207,1.17,.60,.288,2.8,7.9,2.8,7.7,0.7,15.2,76.4,143,2.5,0.0,5.01,34.4,34.4,3.5,10.2
Eziz,Dawamet,,26,CL,9,19,4.02,235,0,241.2,0,0,136,188,95,235,108,30,9,4.45,3934,1049,115,5,.224,1.37,.32,.323,2.0,7.0,3.5,8.8,1.1,16.3,16.7,131,0.9,0.0,4.91,6.6,7.0,0.7,5.4
Dante,Mejia,17,40,RP,45,15,4.83,391,0,251.2,0,0,5,125,88,280,135,43,14,5.54,3923,1106,143,0,.253,1.46,.75,.345,1.4,4.5,3.1,10.0,1.5,15.6,10.0,143,0.6,0.0,5.14,-22.9,-23.7,-2.4,1.8
Bolivar,Magana,,23,SP/RP,28,16,4.25,150,2,237.0,0,0,10,208,59,248,112,23,10,3.48,3828,1017,124,1,.244,1.30,.64,.312,3.5,7.9,2.2,9.4,0.9,16.2,25.5,146,1.1,0.0,5.59,0.6,2.4,0.2,5.5
Walker,Nassir,,29,CL,21,23,4.22,213,0,236.2,0,0,106,176,84,240,111,22,10,4.01,3826,1012,112,2,.237,1.37,.48,.330,2.1,6.7,3.2,9.1,0.8,16.2,18.0,125,0.0,0.0,4.75,6.8,6.5,0.6,5.0
Rodger,McFurlow,,30,CL,14,26,4.39,231,0,236.0,0,0,126,187,80,258,115,24,8,3.96,3819,1026,119,4,.251,1.43,.35,.337,2.3,7.1,3.1,9.8,0.9,16.2,16.5,123,-1.5,0.0,4.64,-3.5,-3.1,-0.4,3.7
Bridgette,Rilow,3,34,SP,10,15,4.32,61,60,227.1,1,1,1,180,111,227,109,26,13,4.64,3799,1012,115,1,.224,1.49,.40,.347,1.6,7.1,4.4,9.0,1.0,16.7,62.3,115,1.2,0.0,4.60,3.5,3.5,0.3,4.5
CHI,Romano II,,30,RP,21,9,3.67,192,0,232.2,0,0,8,205,99,217,95,28,12,4.33,3726,1012,100,4,.214,1.36,.70,.324,2.1,7.9,3.8,8.4,1.1,16.0,19.4,122,0.1,0.0,4.72,16.0,16.9,1.7,6.4
Mitch,Dawson,,24,RP,16,14,4.55,189,0,223.2,0,0,21,185,96,251,113,31,10,4.67,3723,1004,128,6,.250,1.55,.53,.356,1.9,7.4,3.9,10.1,1.2,16.6,19.7,154,0.1,0.0,6.20,-19.4,-19.0,-1.9,2.7
Frye,Sauce,,26,RP,30,15,4.35,182,0,225.2,0,0,5,195,68,246,109,34,14,4.42,3684,996,116,3,.247,1.39,.67,.329,2.9,7.8,2.7,9.8,1.4,16.3,20.2,148,1.0,0.0,5.94,-0.6,-0.6,-0.1,4.9
Angelo,Huynh,4,44,SP/RP,21,14,3.40,149,12,238.0,0,0,1,153,101,221,90,23,9,4.46,3680,1007,93,1,.219,1.35,.60,.329,1.5,5.8,3.8,8.4,0.9,15.5,24.7,93,0.0,0.0,3.52,22.6,22.4,2.2,6.5
Zayne,Rossi,9,41,RP,28,13,4.70,182,0,214.1,0,0,5,131,88,231,112,31,14,5.19,3517,962,123,3,.240,1.49,.68,.346,1.5,5.5,3.7,9.7,1.3,16.4,19.3,123,-0.9,0.0,5.13,-19.8,-19.8,-2.0,1.7
Chip,Hazard,,25,SP/RP,23,11,4.01,144,1,222.0,0,0,14,186,72,222,99,39,14,4.87,3512,965,112,3,.230,1.32,.68,.319,2.6,7.5,2.9,9.0,1.6,15.8,24.4,141,1.3,0.0,5.77,-3.2,-1.8,-0.2,4.9
Kenny,Kawaguchi,,24,SP/RP,6,13,3.37,61,59,224.1,0,0,0,223,55,196,84,26,11,3.50,3427,927,88,1,.211,1.12,.32,.283,4.1,8.9,2.2,7.9,1.0,15.3,56.2,132,0.6,0.0,5.32,17.2,16.4,1.7,6.8
Octavia,Ruiz,7,39,CL,14,23,4.95,201,0,203.2,0,0,105,132,101,217,112,26,10,5.10,3424,913,119,1,.238,1.56,.38,.359,1.3,5.8,4.5,9.6,1.1,16.8,17.0,119,-0.7,0.0,5.23,-19.8,-19.8,-2.0,1.6
Langston,Growles,5,41,SP/RP,12,13,5.09,128,21,205.0,0,0,1,112,95,236,116,27,14,5.31,3411,936,123,4,.252,1.61,.48,.369,1.2,4.9,4.2,10.4,1.2,16.6,26.6,123,-1.4,0.0,5.34,-19.1,-19.2,-1.9,1.7
Avenue,Rubenstein,5,38,RP,22,6,4.96,170,0,210.2,0,0,7,172,82,231,116,27,11,4.46,3407,935,124,2,.247,1.49,.79,.347,2.1,7.3,3.5,9.9,1.2,16.2,20.0,124,-0.1,0.0,5.29,-20.7,-20.6,-2.1,1.6
Legend,Rivera,,30,RP,19,15,4.45,169,0,208.1,0,0,10,162,93,214,103,31,5,4.89,3392,912,113,2,.235,1.47,.56,.342,1.7,7.0,4.0,9.2,1.3,16.3,20.1,139,-2.4,0.0,5.90,-10.5,-9.5,-1.0,3.3
Dennis,Pitts,4,33,RP,30,9,4.08,149,0,209.2,0,0,14,185,59,216,95,26,6,3.88,3314,898,98,2,.241,1.31,.77,.313,3.1,7.9,2.5,9.3,1.1,15.8,22.2,98,0.3,0.0,4.22,2.0,2.3,0.2,3.9
Brayden,Alvarado,,28,RP,20,6,4.37,161,0,204.0,0,0,2,156,66,216,99,27,7,4.36,3243,885,109,7,.244,1.38,.77,.327,2.4,6.9,2.9,9.5,1.2,15.9,20.1,133,-0.7,0.0,5.84,-9.7,-10.0,-1.0,3.1
Cha Cha,Booger,,25,SP/RP,13,9,5.59,133,0,183.2,0,0,3,145,79,231,114,34,8,5.35,3187,849,121,3,.272,1.69,.59,.375,1.8,7.1,3.9,11.3,1.7,17.4,24.0,139,1.0,0.0,6.86,-26.7,-26.8,-2.7,1.3
Mario,Harris,,26,SP,15,12,2.93,40,40,212.0,3,1,0,184,59,162,69,13,9,3.12,3161,860,71,2,.188,1.04,.56,.267,3.1,7.8,2.5,6.9,0.6,14.9,79.0,124,2.3,0.0,5.36,28.5,28.5,2.9,8.7
Steven,Cisneros,8,42,CL,12,37,5.87,191,0,187.0,0,0,91,136,84,205,122,41,5,5.92,3149,834,126,1,.246,1.55,.24,.353,1.6,6.5,4.0,9.9,2.0,16.8,16.5,126,0.0,0.0,6.06,-35.2,-35.3,-3.6,-0.3
Nib,Crimbler,,28,SP,11,17,4.34,41,41,203.0,3,2,0,163,76,184,98,28,5,4.48,3121,862,106,0,.213,1.28,.39,.307,2.1,7.2,3.4,8.2,1.2,15.4,76.1,151,1.1,0.0,6.74,0.4,0.4,0.0,5.7
Jiowana,Tagi,,29,RP,23,9,4.59,157,0,198.0,0,0,11,137,84,205,101,26,6,4.79,3101,859,103,1,.239,1.46,.72,.343,1.6,6.2,3.8,9.3,1.2,15.7,19.8,132,-0.5,0.0,5.98,-17.6,-17.6,-1.8,2.3
Rosie,O'Donnell,2,44,SP,6,17,4.02,40,40,192.2,3,1,0,147,61,190,86,26,9,4.42,3087,823,88,0,.231,1.30,.26,.316,2.4,6.9,2.8,8.9,1.2,16.0,77.2,88,1.9,0.0,4.20,11.0,11.0,1.1,4.6
Walter,Ford,6,42,RP,23,15,4.11,158,0,184.0,0,0,3,122,70,209,84,18,3,4.24,3067,819,90,2,.255,1.52,.61,.344,1.7,6.0,3.4,10.2,0.9,16.7,19.4,90,-0.5,0.0,4.38,0.4,-0.3,-0.1,3.1
Morgan,Locos,2,37,SP,12,16,4.04,40,40,202.2,4,1,0,144,67,211,91,29,7,4.63,3062,869,95,3,.243,1.37,.43,.328,2.1,6.4,3.0,9.4,1.3,15.1,76.6,95,3.4,0.0,4.37,9.7,9.7,0.9,4.7
Raiden,Leon,2,37,SP,8,21,4.48,40,40,185.0,1,1,0,172,76,195,92,23,2,4.12,3058,818,104,2,.238,1.46,.28,.334,2.3,8.4,3.7,9.5,1.1,16.5,76.5,104,0.7,0.0,5.09,-9.5,-9.5,-1.0,2.5
Joestar,Whimsy,,27,RP,15,11,3.71,145,0,189.1,0,0,3,133,85,194,78,19,2,4.38,2986,827,80,1,.235,1.47,.58,.340,1.6,6.3,4.0,9.2,0.9,15.8,20.6,98,0.5,0.0,4.68,24.6,23.8,2.4,6.6
Ruben,Walsh,,21,SP,8,16,4.49,39,39,178.1,1,0,0,120,71,209,89,27,8,5.05,2986,811,99,2,.258,1.57,.33,.355,1.7,6.1,3.6,10.5,1.4,16.7,76.6,166,-0.9,0.0,8.33,-32.7,-32.7,-3.3,1.6
Joeffrey,Rockman,2,39,SP,8,14,4.28,39,39,178.2,1,0,0,136,56,203,85,16,5,3.77,2908,792,93,2,.256,1.45,.36,.333,2.4,6.9,2.8,10.2,0.8,16.3,74.6,93,-1.2,0.0,4.63,2.1,2.1,0.2,3.5
Titan,Brownpole,,29,SP,11,15,5.02,41,40,181.0,2,1,0,133,84,187,101,25,6,4.92,2890,807,103,4,.232,1.50,.42,.343,1.6,6.6,4.2,9.3,1.2,16.0,70.5,162,0.3,0.0,8.07,-32.9,-32.9,-3.3,1.5
Kaison,Breen,3,35,SP/RP,2,12,3.62,51,49,181.2,0,0,0,158,65,175,73,17,8,3.78,2840,778,81,3,.225,1.32,.14,.319,2.4,7.8,3.2,8.7,0.8,15.6,55.7,81,0.0,0.0,4.01,8.0,7.6,0.8,4.0
Baba,Isu,,25,RP,21,10,2.96,137,0,182.1,0,0,12,142,46,195,60,20,5,3.81,2826,774,63,1,.252,1.32,.68,.318,3.1,7.0,2.3,9.6,1.0,15.5,20.6,86,0.3,0.0,4.26,29.9,30.2,3.0,7.0
Jaxton,Campbell,19,36,SP,6,17,4.66,40,40,174.0,3,2,0,107,75,190,90,14,15,4.47,2824,789,106,3,.241,1.52,.26,.355,1.4,5.5,3.9,9.8,0.7,16.2,70.6,106,-0.5,0.1,5.46,-16.8,-16.8,-1.6,1.6
Sonja,PetroCHI,,29,SP,7,16,5.51,40,40,173.0,1,1,0,136,56,190,106,18,9,4.01,2807,758,109,3,.251,1.42,.30,.336,2.4,7.1,2.9,9.9,0.9,16.2,70.2,164,0.2,0.0,8.54,-31.5,-31.5,-3.2,1.6
Sally,Dobbs,,22,RP,13,10,3.84,134,0,180.2,0,0,1,171,59,156,77,21,6,3.80,2797,745,79,1,.209,1.19,.57,.297,2.9,8.5,2.9,7.8,1.0,15.5,20.9,108,-0.1,0.0,5.37,8.1,7.7,0.8,4.7
Emmanuel,Meadows,3,36,RP,16,8,3.89,132,0,173.2,0,0,6,125,55,184,75,28,2,4.74,2754,753,88,3,.244,1.38,.67,.320,2.3,6.5,2.9,9.5,1.5,15.9,20.9,88,-0.6,0.0,4.53,-1.5,-0.9,-0.1,2.9
Athena,Patagonia,,23,RP,21,10,5.10,137,0,164.0,0,0,2,116,62,189,93,21,3,4.54,2662,735,100,1,.257,1.53,.68,.346,1.9,6.4,3.4,10.4,1.2,16.2,19.4,118,1.1,0.0,6.54,-11.8,-11.4,-1.1,2.6
Prince,Stinkleton,,24,CL,13,17,3.97,119,0,158.2,0,0,50,113,61,160,70,16,3,4.20,2647,694,75,4,.231,1.39,.43,.323,1.9,6.4,3.5,9.1,0.9,16.7,22.2,97,0.7,0.0,5.54,1.9,1.8,0.2,3.6
Jimi,Dubois,,22,RP,14,17,4.81,132,0,153.1,0,0,7,112,60,185,82,28,10,5.38,2527,698,90,2,.265,1.60,.45,.365,1.9,6.6,3.5,10.9,1.6,16.5,19.1,104,1.1,0.0,6.17,-9.3,-9.4,-1.0,2.3
Samir,Corona,,24,RP,14,7,4.23,125,0,163.2,0,0,6,124,58,174,77,22,8,4.54,2517,717,88,2,.243,1.42,.67,.335,2.1,6.8,3.2,9.6,1.2,15.4,20.1,121,-0.2,0.0,6.64,-11.9,-11.8,-1.2,2.5
Chili,Esposito Jr.,,34,RP,23,5,4.18,130,0,159.1,0,0,1,100,66,172,74,20,6,4.83,2513,699,77,1,.246,1.49,.82,.349,1.5,5.6,3.7,9.7,1.1,15.8,19.3,94,-0.8,0.0,5.26,0.3,0.1,0.0,3.2
Roger,Hatter,,28,RP,16,10,3.63,132,0,166.1,0,0,8,137,47,161,67,20,10,4.04,2509,698,71,2,.231,1.25,.62,.312,2.9,7.4,2.5,8.7,1.1,15.1,19.0,96,-0.6,0.0,5.16,5.9,6.3,0.6,4.1
Alexia,Soto,,22,RP,17,10,5.07,118,0,147.1,0,0,1,123,68,153,83,14,8,4.21,2468,661,87,0,.231,1.50,.63,.346,1.8,7.5,4.2,9.3,0.9,16.8,20.9,111,-0.4,0.0,6.75,-15.6,-15.6,-1.6,1.6
Julian,Ruiz,3,44,RP,16,9,3.97,119,0,158.2,0,0,13,143,59,150,70,21,4,4.21,2457,685,77,2,.219,1.32,.64,.311,2.4,8.1,3.3,8.5,1.2,15.5,20.6,77,-0.2,0.0,4.36,3.8,4.9,0.5,3.3
Brodie,Lobolomo,,28,RP,23,8,5.59,125,0,148.0,0,0,2,93,66,173,92,21,9,5.21,2418,675,96,1,.256,1.61,.74,.367,1.4,5.7,4.0,10.5,1.3,16.3,19.3,111,0.8,0.0,6.80,-18.5,-18.4,-1.9,1.3
Seto,Nanami,,21,SP/RP,11,10,4.61,64,21,152.1,0,0,6,123,42,158,78,28,4,4.78,2375,645,80,1,.245,1.31,.52,.316,2.9,7.3,2.5,9.3,1.7,15.6,37.1,110,-0.6,0.0,6.46,-2.6,-2.2,-0.3,3.6
Pallas,Lynx,,23,RP,20,8,4.09,109,0,149.2,0,0,12,123,52,162,68,16,2,3.93,2369,648,74,2,.250,1.43,.71,.333,2.4,7.4,3.1,9.7,1.0,15.8,21.7,101,-0.2,0.0,6.06,-10.1,-10.4,-1.1,2.0
Yup,Shannon,4,39,CL,8,19,5.00,129,0,147.2,0,0,76,109,58,150,82,24,4,5.00,2344,644,82,0,.233,1.41,.30,.329,1.9,6.6,3.5,9.1,1.5,15.9,18.2,82,-0.3,0.0,4.98,-8.8,-8.4,-0.9,1.7
Brentwood,Morrison,7,45,SP/RP,15,14,5.23,109,13,139.1,0,0,2,60,84,180,81,18,9,5.92,2315,681,88,5,.264,1.89,.52,.401,0.7,3.9,5.4,11.6,1.2,16.6,21.2,88,0.2,0.0,5.70,-21.3,-21.3,-2.1,0.4
Judy,Toolsy,2,42,SP,9,11,5.56,32,32,142.1,1,0,0,106,44,160,88,23,9,4.83,2275,634,94,1,.252,1.43,.45,.336,2.4,6.7,2.8,10.1,1.5,16.0,71.1,94,-2.9,0.0,5.76,-14.9,-14.9,-1.5,1.1
Kid,Beck,4,38,RP,17,5,4.42,120,0,136.1,0,0,1,126,51,148,67,18,8,4.27,2268,605,68,3,.245,1.46,.77,.342,2.5,8.3,3.4,9.8,1.2,16.6,18.9,68,0.0,0.0,4.49,-2.2,-2.3,-0.2,2.2
Verdant,Wyrd,5,41,RP,9,11,7.45,113,0,122.0,0,0,1,100,78,167,101,25,4,6.14,2217,597,104,4,.280,2.01,.45,.417,1.3,7.4,5.8,12.3,1.8,18.2,19.6,104,-1.0,0.0,7.60,-42.7,-42.7,-4.3,-2.2
Cesar,Hokey,3,40,SP/RP,6,14,5.76,77,8,125.0,0,0,2,79,62,148,80,13,7,4.84,2153,573,85,3,.258,1.68,.30,.379,1.3,5.7,4.5,10.7,0.9,17.2,28.0,85,0.2,0.0,6.13,-23.6,-23.6,-2.3,-0.1
Carlito,Floral,7,41,RP,15,7,5.28,106,0,122.2,0,0,4,66,55,159,72,18,3,5.35,2121,569,79,0,.279,1.74,.68,.381,1.2,4.8,4.0,11.7,1.3,17.3,20.0,79,0.7,0.0,5.85,-21.0,-21.1,-2.2,0.0
Colby,Lebowski,,23,CL,7,20,3.77,143,0,136.0,0,0,81,117,48,137,57,11,3,3.56,2108,579,62,4,.237,1.36,.26,.325,2.4,7.7,3.2,9.1,0.7,15.5,14.7,65,-0.1,0.0,4.29,8.4,8.3,0.8,3.3
Tuck,Sutton,,31,RP,17,9,4.52,109,0,123.1,0,0,3,96,53,132,62,15,4,4.51,2072,549,67,0,.240,1.50,.65,.344,1.8,7.0,3.9,9.6,1.1,16.8,19.0,83,-0.1,0.0,6.05,-1.6,-2.0,-0.2,2.5
Raylene,McDiggins,4,35,CL,5,12,4.37,108,0,117.1,0,0,46,105,47,122,57,13,1,3.98,1926,516,65,0,.236,1.44,.29,.329,2.2,8.1,3.6,9.4,1.0,16.4,17.8,65,-0.6,0.0,4.94,-7.2,-7.6,-0.7,1.3
Phoenix,Woody,,29,RP,16,4,3.42,89,0,113.0,0,0,1,101,58,102,43,8,5,3.91,1920,495,44,3,.206,1.42,.80,.333,1.7,8.0,4.6,8.1,0.6,17.0,21.6,74,0.3,0.0,5.91,9.3,8.9,0.9,3.7
Jesse,Cain,,38,RP,25,4,3.26,99,0,118.2,0,0,0,78,44,116,43,14,9,4.66,1818,504,43,2,.230,1.35,.86,.335,1.8,5.9,3.3,8.8,1.1,15.3,18.4,83,0.8,0.0,6.36,-3.2,-3.8,-0.4,2.4
Dax,Wilkinson,2,31,RP,9,4,4.35,83,0,103.1,0,0,1,88,43,118,50,20,4,5.28,1799,471,62,3,.251,1.56,.69,.350,2.0,7.7,3.7,10.3,1.7,17.4,21.7,62,0.9,0.0,5.48,-12.2,-12.2,-1.2,0.6
Jimmy,Harada,,23,SP/RP,12,10,4.05,69,2,113.1,0,0,8,97,36,120,51,15,7,4.25,1791,497,59,0,.241,1.38,.55,.328,2.7,7.7,2.9,9.5,1.2,15.8,26.0,96,0.4,0.0,7.65,-1.2,-0.5,0.0,3.2
Bijan,Golzar,,21,RP,11,4,4.01,84,0,107.2,0,0,1,83,38,117,48,10,6,3.99,1759,471,50,1,.248,1.44,.73,.342,2.2,6.9,3.2,9.8,0.8,16.3,20.9,79,-0.5,0.0,6.56,0.7,0.6,0.1,2.7
Azariah,Pineda,2,39,SP/RP,9,9,4.93,74,7,98.2,0,0,3,56,47,109,54,16,2,5.56,1659,444,56,1,.245,1.58,.50,.356,1.2,5.1,4.3,9.9,1.5,16.8,22.4,56,0.0,0.0,5.11,-7.7,-7.7,-0.8,1.0
Chad,Hellman,,24,SP,4,8,3.04,20,20,106.2,3,2,0,91,24,89,36,11,1,3.44,1620,428,38,0,.208,1.06,.33,.266,3.8,7.7,2.0,7.5,0.9,15.2,81.0,97,-0.9,0.0,8.11,9.2,9.2,0.9,4.8
Butters,Buchanan,,20,SP,6,7,3.17,20,20,105.0,4,1,0,72,42,80,37,8,7,4.12,1583,434,39,0,.184,1.16,.46,.297,1.7,6.2,3.6,6.9,0.7,15.1,79.2,82,1.0,0.0,7.11,21.1,21.1,2.1,5.9
Nisha,Antoine,,21,RP,8,6,4.62,80,0,97.1,0,0,7,69,48,95,50,8,6,4.42,1572,430,53,3,.221,1.47,.57,.347,1.4,6.4,4.4,8.8,0.7,16.2,19.7,80,-0.5,0.0,7.35,-7.4,-7.1,-0.7,1.7
Tandy,Nash,,25,RP,6,8,3.38,85,0,104.0,0,0,5,93,25,98,39,14,4,3.90,1552,428,43,1,.229,1.18,.43,.297,3.7,8.0,2.2,8.5,1.2,14.9,18.3,62,0.2,0.0,5.38,15.9,16.0,1.6,4.3
Murray,Villa,,28,SP,5,6,4.45,20,20,95.0,0,0,0,71,35,105,47,10,3,4.17,1539,416,47,0,.252,1.47,.45,.344,2.0,6.7,3.3,9.9,0.9,16.2,77.0,85,0.7,0.0,8.12,6.6,6.6,0.7,4.0
Pascale,Noir,,20,SP,10,3,2.58,21,20,101.0,1,1,0,92,28,75,29,5,1,2.78,1537,396,30,1,.189,1.02,.77,.263,3.3,8.2,2.5,6.7,0.4,15.2,73.2,81,-1.0,0.0,7.13,18.4,18.4,1.8,5.4
PJ,Horn,1,42,SP,6,8,4.29,20,20,94.1,2,0,0,84,28,100,45,13,4,4.13,1527,413,52,0,.242,1.36,.43,.320,3.0,8.0,2.7,9.5,1.2,16.2,76.4,52,0.2,0.0,4.98,-2.6,-2.6,-0.3,1.5
CJ,Boss,,22,SP,5,8,3.94,20,20,98.1,2,0,0,79,33,89,43,11,4,4.08,1507,413,45,0,.215,1.24,.38,.305,2.4,7.2,3.0,8.1,1.0,15.3,75.4,98,2.2,0.0,9.17,-0.3,-0.3,0.0,3.4
Isabella,Quintero,,22,CL,6,13,4.75,98,0,94.2,0,0,49,69,30,110,50,14,3,4.61,1502,422,52,2,.261,1.48,.32,.339,2.3,6.6,2.9,10.5,1.3,15.9,15.3,69,-1.0,0.0,6.46,-10.7,-10.6,-1.1,0.9
Tony,Felix Da Costa,,29,SP,6,8,4.08,20,20,90.1,2,1,0,77,41,83,41,10,5,4.36,1495,394,41,1,.211,1.37,.43,.327,1.9,7.7,4.1,8.3,1.0,16.5,74.8,83,1.1,0.0,8.38,-7.8,-7.8,-0.8,1.8
Grizzleigh,Mamba,,29,SP,5,8,6.40,20,20,90.0,1,1,0,98,41,98,64,13,7,4.40,1489,408,64,2,.240,1.54,.38,.358,2.4,9.8,4.1,9.8,1.3,16.5,74.5,105,0.1,0.0,10.51,-8.8,-8.8,-0.9,2.7
Zain,Wankerstein,5,40,CL,7,13,4.25,90,0,91.0,0,0,50,62,33,99,43,14,4,4.96,1484,400,51,1,.248,1.45,.35,.340,1.9,6.1,3.3,9.8,1.4,16.3,16.5,51,-0.5,0.0,5.00,-5.7,-5.4,-0.5,1.0
Rafael,Francis,,21,RP,16,5,3.40,71,0,95.1,0,0,5,64,23,96,36,14,2,4.45,1458,400,39,4,.240,1.25,.76,.303,2.8,6.0,2.2,9.1,1.3,15.3,20.5,80,0.3,0.0,7.58,2.5,2.9,0.3,3.0
Pumice,Russell,1,42,SP,2,12,6.31,20,20,82.2,0,0,0,58,26,118,58,10,4,4.36,1417,391,66,2,.302,1.74,.14,.379,2.2,6.3,2.8,12.8,1.1,17.1,70.9,66,-1.9,0.0,6.98,-19.4,-19.4,-1.9,-0.3
Fausto,Swenson,,20,SP,5,4,3.81,20,20,87.1,1,1,0,75,32,81,37,10,1,4.00,1368,357,37,0,.227,1.29,.56,.319,2.3,7.7,3.3,8.3,1.0,15.7,68.4,93,-1.0,0.0,9.48,0.6,0.6,0.1,3.4
Gabriel,Wade,5,37,CL,7,14,5.11,83,0,79.1,0,0,37,51,39,97,45,10,3,5.04,1367,371,49,1,.261,1.71,.33,.375,1.3,5.8,4.4,11.0,1.1,17.2,16.5,49,-0.1,0.0,5.54,-11.2,-11.5,-1.1,0.2
Keyla,Winkleson,2,41,SP/RP,8,2,5.17,43,3,71.1,0,0,0,52,41,80,41,9,2,5.09,1273,328,42,0,.244,1.70,.80,.375,1.3,6.6,5.2,10.1,1.1,17.8,29.6,42,0.3,0.0,5.34,-5.9,-5.9,-0.6,0.7
Shiny,Tran,3,36,RP,6,4,4.18,69,0,79.2,0,0,3,43,35,87,37,9,6,5.03,1271,359,39,0,.242,1.53,.60,.357,1.2,4.9,4.0,9.8,1.0,16.0,18.4,39,0.0,0.0,4.40,0.0,0.0,0.0,1.4
Cosmo,Green,,21,CL,3,7,4.04,77,0,78.0,0,0,48,60,33,67,35,7,2,4.07,1251,334,36,0,.201,1.28,.30,.305,1.8,6.9,3.8,7.7,0.8,16.0,16.2,54,0.8,0.0,6.33,-0.4,-0.2,0.0,1.9
Jiri,Bednar,,21,SP/RP,9,2,3.69,50,2,75.2,0,0,0,56,34,67,31,4,6,3.89,1225,330,32,1,.203,1.33,.82,.324,1.6,6.7,4.0,8.0,0.5,16.2,24.5,63,-0.7,0.0,7.41,6.4,6.2,0.6,3.1
Anastasia,Van Klos,,22,CL,8,7,3.35,81,0,78.0,0,0,44,66,23,69,29,10,1,4.00,1171,317,30,0,.218,1.18,.53,.293,2.9,7.6,2.7,8.0,1.2,15.0,14.5,46,0.1,0.0,5.32,10.2,9.9,1.0,2.9
Jak,Gaines,,35,RP,12,5,4.32,51,0,73.0,0,0,3,41,23,79,35,10,3,4.83,1154,318,39,2,.248,1.40,.71,.330,1.8,5.1,2.8,9.7,1.2,15.8,22.6,61,0.2,0.0,7.55,-8.1,-8.1,-0.8,1.0
Maeve,Brooks,4,40,RP,14,8,4.91,59,1,69.2,0,0,4,38,30,70,38,13,1,5.77,1130,305,38,0,.230,1.44,.64,.331,1.3,4.9,3.9,9.0,1.7,16.2,19.2,38,0.6,0.0,4.99,-4.5,-4.6,-0.5,0.7
Vito,Colbert,1,37,SP/RP,2,7,2.82,20,20,73.1,0,0,0,58,27,69,23,8,3,4.16,1096,306,25,0,.225,1.31,.22,.324,2.1,7.1,3.3,8.5,1.0,14.9,54.8,25,-0.1,0.0,3.05,11.5,11.3,1.1,2.4
Kimball,Beletrance,,22,SP/RP,9,2,3.70,48,0,75.1,0,0,1,64,17,72,31,6,2,3.19,1090,313,32,0,.230,1.18,.82,.291,3.8,7.6,2.0,8.6,0.7,14.5,22.7,60,0.1,0.0,7.18,13.7,13.8,1.4,4.0
Theo,Night,3,39,RP,9,3,4.24,54,0,70.0,0,0,8,47,28,68,33,3,5,3.73,1087,306,34,2,.222,1.37,.75,.330,1.7,6.0,3.6,8.7,0.4,15.5,20.1,34,0.0,0.0,4.37,0.9,1.9,0.2,1.4
Harry,Woodpecker,,23,CL,4,3,2.81,46,0,67.1,0,0,20,35,28,72,21,5,1,4.32,1064,291,24,0,.247,1.49,.57,.347,1.3,4.7,3.7,9.6,0.7,15.8,23.1,41,-0.3,0.0,5.44,8.0,7.4,0.7,2.4
Massimo,Aldente,,20,RP,6,5,4.13,54,0,65.1,0,0,0,45,32,68,30,7,3,4.72,1057,286,36,1,.238,1.53,.55,.360,1.4,6.2,4.4,9.4,1.0,16.2,19.6,54,-0.7,0.0,7.35,-0.2,0.1,0.0,1.8
Seymour,Blues,,26,RP,5,5,4.26,78,0,67.2,0,0,3,52,25,73,32,7,2,4.10,1042,300,39,0,.243,1.45,.50,.333,2.1,6.9,3.3,9.7,0.9,15.4,13.4,56,0.1,0.0,7.46,0.1,-0.2,0.0,1.9
Diego,Whackett,3,39,RP,7,5,6.04,57,0,56.2,0,0,3,49,30,78,38,12,6,6.03,1000,277,39,0,.282,1.91,.58,.412,1.6,7.8,4.8,12.4,1.9,17.6,17.5,39,-0.1,0.0,6.17,-10.7,-10.7,-1.1,-0.1
Tommy,Thrasher,,23,RP,6,1,5.55,57,0,58.1,0,0,0,44,16,68,36,9,2,4.52,1000,256,38,0,.266,1.44,.86,.336,2.8,6.8,2.5,10.5,1.4,17.1,17.5,64,-0.6,0.0,9.78,-7.8,-7.9,-0.8,1.1
JC,Gonzales,1,38,SP/RP,6,3,3.93,32,9,66.1,0,0,4,42,22,47,29,12,3,5.32,980,269,30,2,.175,1.04,.67,.268,1.9,5.7,3.0,6.4,1.6,14.8,30.6,30,0.2,0.0,4.10,2.2,2.3,0.2,1.4
Gaitok,Pongsanam,,20,RP,4,6,6.09,46,0,54.2,0,0,0,46,26,64,37,9,0,4.98,917,247,38,0,.259,1.65,.40,.364,1.8,7.6,4.3,10.5,1.5,16.8,19.9,65,-0.8,0.0,10.57,-10.4,-10.4,-1.0,0.7
Vale,Caldwell,2,34,CL,3,3,4.94,57,0,58.1,0,0,30,41,17,68,32,7,0,4.13,905,249,32,0,.273,1.46,.50,.341,2.4,6.3,2.6,10.5,1.1,15.5,15.9,32,0.0,0.0,4.93,-3.5,-3.5,-0.3,0.7
Francis,Valdez,2,37,CL,5,5,3.71,61,0,63.0,0,0,34,52,15,58,26,8,4,4.00,893,262,29,1,.221,1.16,.50,.294,3.5,7.4,2.1,8.3,1.1,14.2,14.6,29,-0.1,0.0,4.13,3.4,3.8,0.4,1.5
Amiyah,Perez,1,36,RP,5,4,4.80,41,0,54.1,0,0,2,33,25,51,29,12,3,6.30,881,234,31,1,.218,1.40,.56,.338,1.3,5.5,4.1,8.4,2.0,16.2,21.5,31,0.2,0.0,5.17,-4.7,-4.7,-0.5,0.5
Aalto,Driveway,,35,RP,4,6,4.86,37,0,50.0,0,0,2,42,29,61,27,2,2,3.80,861,235,30,2,.260,1.80,.40,.391,1.4,7.6,5.2,11.0,0.4,17.2,23.3,47,-0.6,0.0,8.34,-1.3,-1.2,-0.1,1.4
Jagger,Burdock,2,43,CL,4,6,5.44,42,0,48.0,0,0,18,35,18,56,29,5,2,4.25,860,221,30,1,.253,1.54,.40,.344,1.9,6.6,3.4,10.5,0.9,17.9,20.5,30,-0.8,0.0,5.47,-6.0,-6.0,-0.6,0.3
Biff,Stanton,,33,CL,4,4,4.23,52,0,55.1,0,0,24,43,19,52,26,8,1,4.51,838,237,26,1,.219,1.28,.50,.304,2.3,7.0,3.1,8.5,1.3,15.1,16.1,40,-0.2,0.0,6.47,-6.2,-6.2,-0.6,0.5
Estella,Toolsy,2,42,RP,7,3,3.33,45,0,48.2,0,0,0,26,29,42,18,8,1,6.02,833,216,21,0,.194,1.46,.70,.333,0.9,4.8,5.4,7.8,1.5,17.1,18.5,21,0.1,0.0,3.89,2.7,2.6,0.3,1.1
Hub,Soagie,,21,RP,6,2,6.08,45,0,50.1,0,0,0,38,20,67,34,11,2,5.74,833,231,36,0,.290,1.73,.75,.385,1.9,6.8,3.6,12.0,2.0,16.5,18.5,64,-0.7,0.0,11.31,-12.8,-12.8,-1.3,0.5
Raegan,Ross,1,38,RP,4,3,4.08,38,0,46.1,0,0,4,34,22,49,21,5,4,4.72,832,215,25,0,.228,1.53,.57,.349,1.5,6.6,4.3,9.5,1.0,18.0,21.9,25,0.1,0.0,4.88,-2.5,-2.5,-0.2,0.5
Grover,Bugles,1,42,RP,7,6,6.27,41,0,47.1,0,0,1,34,17,67,33,7,2,4.79,785,222,35,1,.302,1.77,.54,.387,2.0,6.5,3.2,12.7,1.3,16.6,19.1,35,-0.5,0.0,6.56,-11.5,-11.5,-1.1,-0.3
Pattie,Caykz,,21,SP/RP,2,4,5.08,46,0,44.1,0,0,0,30,15,49,25,7,2,4.95,726,195,26,0,.251,1.44,.33,.338,2.0,6.1,3.0,9.9,1.4,16.4,15.8,39,-0.2,0.0,7.87,-1.1,-0.9,-0.1,1.3
Bai,Tsu,,20,RP,1,2,6.82,33,0,34.1,0,0,0,21,10,46,26,8,5,6.22,570,158,26,0,.291,1.63,.33,.386,2.1,5.5,2.6,12.1,2.1,16.6,17.3,52,0.6,0.0,13.78,-7.7,-7.8,-0.8,0.7
Lax,Townsend,2,42,RP,4,1,2.79,25,0,38.2,0,0,0,24,10,37,12,4,2,4.13,545,155,12,0,.239,1.22,.80,.316,2.4,5.6,2.3,8.6,0.9,14.1,21.8,12,0.0,0.0,2.80,6.9,6.7,0.7,1.3
Peter,Bee,,26,CL,2,3,2.51,33,0,28.2,0,0,22,23,14,18,8,4,2,4.98,412,117,8,1,.154,1.12,.40,.291,1.6,7.2,4.4,5.7,1.3,14.4,12.5,37,0.4,0.0,11.73,-7.6,-7.2,-0.7,0.3
Anakin,Berger,1,42,RP,4,2,5.06,16,0,16.0,0,0,0,10,9,24,9,2,1,5.35,298,79,9,0,.304,2.06,.67,.430,1.1,5.6,5.1,13.5,1.1,18.6,18.6,9,0.0,0.0,5.08,-1.2,-1.2,-0.1,0.2
Lorenzo,Massey,1,42,RP,0,0,3.18,14,0,17.0,0,0,2,8,6,18,6,2,1,4.92,241,73,6,0,.247,1.41,NaN,.342,1.3,4.2,3.2,9.5,1.1,14.2,17.2,6,0.1,0.0,3.21,2.4,2.5,0.2,0.5
